<annotation>
	<folder>new_images</folder>
	<filename>fall_1384.jpg</filename>
	<path>D:\FallDataset_A\new_images\fall_1384.jpg</path>
	<source>
		<database>Unknown</database>
	</source>
	<size>
		<width>560</width>
		<height>378</height>
		<depth>3</depth>
	</size>
	<segmented>0</segmented>
	<object>
		<name>fall</name>
		<pose>Unspecified</pose>
		<truncated>0</truncated>
		<difficult>0</difficult>
		<bndbox>
			<xmin>100</xmin>
			<ymin>269</ymin>
			<xmax>302</xmax>
			<ymax>358</ymax>
		</bndbox>
	</object>
</annotation>
