<annotation>
	<folder>new_images</folder>
	<filename>fall_1339.jpg</filename>
	<path>D:\FallDataset_A\new_images\fall_1339.jpg</path>
	<source>
		<database>Unknown</database>
	</source>
	<size>
		<width>317</width>
		<height>408</height>
		<depth>3</depth>
	</size>
	<segmented>0</segmented>
	<object>
		<name>fall</name>
		<pose>Unspecified</pose>
		<truncated>0</truncated>
		<difficult>0</difficult>
		<bndbox>
			<xmin>8</xmin>
			<ymin>51</ymin>
			<xmax>299</xmax>
			<ymax>399</ymax>
		</bndbox>
	</object>
</annotation>
