<annotation>
	<folder>new_images</folder>
	<filename>fall_1195.jpg</filename>
	<path>D:\FallDataset_A\new_images\fall_1195.jpg</path>
	<source>
		<database>Unknown</database>
	</source>
	<size>
		<width>550</width>
		<height>255</height>
		<depth>3</depth>
	</size>
	<segmented>0</segmented>
	<object>
		<name>fall</name>
		<pose>Unspecified</pose>
		<truncated>0</truncated>
		<difficult>0</difficult>
		<bndbox>
			<xmin>72</xmin>
			<ymin>84</ymin>
			<xmax>517</xmax>
			<ymax>225</ymax>
		</bndbox>
	</object>
</annotation>
