<annotation>
	<folder>new_images</folder>
	<filename>fall_1047.jpg</filename>
	<path>D:\FallDataset_A\new_images\fall_1047.jpg</path>
	<source>
		<database>Unknown</database>
	</source>
	<size>
		<width>500</width>
		<height>310</height>
		<depth>3</depth>
	</size>
	<segmented>0</segmented>
	<object>
		<name>fall</name>
		<pose>Unspecified</pose>
		<truncated>0</truncated>
		<difficult>0</difficult>
		<bndbox>
			<xmin>121</xmin>
			<ymin>97</ymin>
			<xmax>220</xmax>
			<ymax>149</ymax>
		</bndbox>
	</object>
	<object>
		<name>fall</name>
		<pose>Unspecified</pose>
		<truncated>0</truncated>
		<difficult>0</difficult>
		<bndbox>
			<xmin>256</xmin>
			<ymin>73</ymin>
			<xmax>349</xmax>
			<ymax>101</ymax>
		</bndbox>
	</object>
	<object>
		<name>fall</name>
		<pose>Unspecified</pose>
		<truncated>0</truncated>
		<difficult>0</difficult>
		<bndbox>
			<xmin>253</xmin>
			<ymin>158</ymin>
			<xmax>403</xmax>
			<ymax>293</ymax>
		</bndbox>
	</object>
</annotation>
