<annotation>
	<folder>new_images</folder>
	<filename>fall_1274.jpg</filename>
	<path>D:\FallDataset_A\new_images\fall_1274.jpg</path>
	<source>
		<database>Unknown</database>
	</source>
	<size>
		<width>612</width>
		<height>408</height>
		<depth>3</depth>
	</size>
	<segmented>0</segmented>
	<object>
		<name>fall</name>
		<pose>Unspecified</pose>
		<truncated>0</truncated>
		<difficult>0</difficult>
		<bndbox>
			<xmin>138</xmin>
			<ymin>126</ymin>
			<xmax>510</xmax>
			<ymax>312</ymax>
		</bndbox>
	</object>
</annotation>
