<annotation>
	<folder>new_images</folder>
	<filename>fall_13.jpg</filename>
	<path>D:\FallDataset_A\new_images\fall_13.jpg</path>
	<source>
		<database>Unknown</database>
	</source>
	<size>
		<width>622</width>
		<height>407</height>
		<depth>3</depth>
	</size>
	<segmented>0</segmented>
	<object>
		<name>fall</name>
		<pose>Unspecified</pose>
		<truncated>1</truncated>
		<difficult>0</difficult>
		<bndbox>
			<xmin>1</xmin>
			<ymin>16</ymin>
			<xmax>603</xmax>
			<ymax>332</ymax>
		</bndbox>
	</object>
</annotation>
