<annotation>
	<folder>new_images</folder>
	<filename>fall_1327.jpg</filename>
	<path>D:\FallDataset_A\new_images\fall_1327.jpg</path>
	<source>
		<database>Unknown</database>
	</source>
	<size>
		<width>675</width>
		<height>434</height>
		<depth>3</depth>
	</size>
	<segmented>0</segmented>
	<object>
		<name>fall</name>
		<pose>Unspecified</pose>
		<truncated>0</truncated>
		<difficult>0</difficult>
		<bndbox>
			<xmin>153</xmin>
			<ymin>365</ymin>
			<xmax>517</xmax>
			<ymax>425</ymax>
		</bndbox>
	</object>
</annotation>
