<annotation>
	<folder>new_images</folder>
	<filename>fall_1363.jpg</filename>
	<path>D:\FallDataset_A\new_images\fall_1363.jpg</path>
	<source>
		<database>Unknown</database>
	</source>
	<size>
		<width>237</width>
		<height>199</height>
		<depth>3</depth>
	</size>
	<segmented>0</segmented>
	<object>
		<name>fall</name>
		<pose>Unspecified</pose>
		<truncated>0</truncated>
		<difficult>0</difficult>
		<bndbox>
			<xmin>52</xmin>
			<ymin>13</ymin>
			<xmax>190</xmax>
			<ymax>178</ymax>
		</bndbox>
	</object>
</annotation>
