<annotation>
	<folder>new_images</folder>
	<filename>fall_1064.jpg</filename>
	<path>D:\FallDataset_A\new_images\fall_1064.jpg</path>
	<source>
		<database>Unknown</database>
	</source>
	<size>
		<width>220</width>
		<height>124</height>
		<depth>3</depth>
	</size>
	<segmented>0</segmented>
	<object>
		<name>fall</name>
		<pose>Unspecified</pose>
		<truncated>0</truncated>
		<difficult>0</difficult>
		<bndbox>
			<xmin>9</xmin>
			<ymin>13</ymin>
			<xmax>215</xmax>
			<ymax>71</ymax>
		</bndbox>
	</object>
</annotation>
