<annotation>
	<folder>new_images</folder>
	<filename>fall_1423.jpg</filename>
	<path>D:\FallDataset_A\new_images\fall_1423.jpg</path>
	<source>
		<database>Unknown</database>
	</source>
	<size>
		<width>275</width>
		<height>175</height>
		<depth>3</depth>
	</size>
	<segmented>0</segmented>
	<object>
		<name>fall</name>
		<pose>Unspecified</pose>
		<truncated>0</truncated>
		<difficult>0</difficult>
		<bndbox>
			<xmin>18</xmin>
			<ymin>89</ymin>
			<xmax>110</xmax>
			<ymax>171</ymax>
		</bndbox>
	</object>
</annotation>
