<annotation>
	<folder>new_images</folder>
	<filename>fall_107.jpg</filename>
	<path>D:\FallDataset_A\new_images\fall_107.jpg</path>
	<source>
		<database>Unknown</database>
	</source>
	<size>
		<width>346</width>
		<height>189</height>
		<depth>3</depth>
	</size>
	<segmented>0</segmented>
	<object>
		<name>fall</name>
		<pose>Unspecified</pose>
		<truncated>0</truncated>
		<difficult>0</difficult>
		<bndbox>
			<xmin>175</xmin>
			<ymin>92</ymin>
			<xmax>210</xmax>
			<ymax>102</ymax>
		</bndbox>
	</object>
	<object>
		<name>fall</name>
		<pose>Unspecified</pose>
		<truncated>0</truncated>
		<difficult>0</difficult>
		<bndbox>
			<xmin>83</xmin>
			<ymin>102</ymin>
			<xmax>120</xmax>
			<ymax>112</ymax>
		</bndbox>
	</object>
</annotation>
