<annotation>
	<folder>new_images</folder>
	<filename>fall_1345.jpg</filename>
	<path>D:\FallDataset_A\new_images\fall_1345.jpg</path>
	<source>
		<database>Unknown</database>
	</source>
	<size>
		<width>271</width>
		<height>104</height>
		<depth>3</depth>
	</size>
	<segmented>0</segmented>
	<object>
		<name>fall</name>
		<pose>Unspecified</pose>
		<truncated>0</truncated>
		<difficult>0</difficult>
		<bndbox>
			<xmin>4</xmin>
			<ymin>15</ymin>
			<xmax>231</xmax>
			<ymax>72</ymax>
		</bndbox>
	</object>
</annotation>
