<annotation>
	<folder>new_images</folder>
	<filename>fall_1314.jpg</filename>
	<path>D:\FallDataset_A\new_images\fall_1314.jpg</path>
	<source>
		<database>Unknown</database>
	</source>
	<size>
		<width>600</width>
		<height>409</height>
		<depth>3</depth>
	</size>
	<segmented>0</segmented>
	<object>
		<name>fall</name>
		<pose>Unspecified</pose>
		<truncated>0</truncated>
		<difficult>0</difficult>
		<bndbox>
			<xmin>190</xmin>
			<ymin>44</ymin>
			<xmax>423</xmax>
			<ymax>125</ymax>
		</bndbox>
	</object>
</annotation>
