<annotation>
	<folder>new_images</folder>
	<filename>fall_1335.jpg</filename>
	<path>D:\FallDataset_A\new_images\fall_1335.jpg</path>
	<source>
		<database>Unknown</database>
	</source>
	<size>
		<width>186</width>
		<height>197</height>
		<depth>3</depth>
	</size>
	<segmented>0</segmented>
	<object>
		<name>fall</name>
		<pose>Unspecified</pose>
		<truncated>0</truncated>
		<difficult>0</difficult>
		<bndbox>
			<xmin>14</xmin>
			<ymin>43</ymin>
			<xmax>176</xmax>
			<ymax>185</ymax>
		</bndbox>
	</object>
</annotation>
