<annotation>
	<folder>new_images</folder>
	<filename>fall_1169.jpg</filename>
	<path>D:\FallDataset_A\new_images\fall_1169.jpg</path>
	<source>
		<database>Unknown</database>
	</source>
	<size>
		<width>550</width>
		<height>346</height>
		<depth>3</depth>
	</size>
	<segmented>0</segmented>
	<object>
		<name>fall</name>
		<pose>Unspecified</pose>
		<truncated>0</truncated>
		<difficult>0</difficult>
		<bndbox>
			<xmin>3</xmin>
			<ymin>17</ymin>
			<xmax>437</xmax>
			<ymax>311</ymax>
		</bndbox>
	</object>
</annotation>
