<annotation>
	<folder>new_images</folder>
	<filename>fall_1103.jpg</filename>
	<path>D:\FallDataset_A\new_images\fall_1103.jpg</path>
	<source>
		<database>Unknown</database>
	</source>
	<size>
		<width>450</width>
		<height>648</height>
		<depth>3</depth>
	</size>
	<segmented>0</segmented>
	<object>
		<name>fall</name>
		<pose>Unspecified</pose>
		<truncated>0</truncated>
		<difficult>0</difficult>
		<bndbox>
			<xmin>69</xmin>
			<ymin>429</ymin>
			<xmax>300</xmax>
			<ymax>612</ymax>
		</bndbox>
	</object>
</annotation>
