<annotation>
	<folder>new_images</folder>
	<filename>fall_1288.jpg</filename>
	<path>D:\FallDataset_A\new_images\fall_1288.jpg</path>
	<source>
		<database>Unknown</database>
	</source>
	<size>
		<width>173</width>
		<height>151</height>
		<depth>3</depth>
	</size>
	<segmented>0</segmented>
	<object>
		<name>fall</name>
		<pose>Unspecified</pose>
		<truncated>0</truncated>
		<difficult>0</difficult>
		<bndbox>
			<xmin>26</xmin>
			<ymin>20</ymin>
			<xmax>152</xmax>
			<ymax>120</ymax>
		</bndbox>
	</object>
</annotation>
