<annotation>
	<folder>new_images</folder>
	<filename>fall_1176.jpg</filename>
	<path>D:\FallDataset_A\new_images\fall_1176.jpg</path>
	<source>
		<database>Unknown</database>
	</source>
	<size>
		<width>500</width>
		<height>322</height>
		<depth>3</depth>
	</size>
	<segmented>0</segmented>
	<object>
		<name>fall</name>
		<pose>Unspecified</pose>
		<truncated>0</truncated>
		<difficult>0</difficult>
		<bndbox>
			<xmin>225</xmin>
			<ymin>173</ymin>
			<xmax>366</xmax>
			<ymax>251</ymax>
		</bndbox>
	</object>
</annotation>
