<annotation>
	<folder>new_images</folder>
	<filename>fall_1118.jpg</filename>
	<path>D:\FallDataset_A\new_images\fall_1118.jpg</path>
	<source>
		<database>Unknown</database>
	</source>
	<size>
		<width>750</width>
		<height>562</height>
		<depth>3</depth>
	</size>
	<segmented>0</segmented>
	<object>
		<name>fall</name>
		<pose>Unspecified</pose>
		<truncated>0</truncated>
		<difficult>0</difficult>
		<bndbox>
			<xmin>218</xmin>
			<ymin>305</ymin>
			<xmax>416</xmax>
			<ymax>354</ymax>
		</bndbox>
	</object>
</annotation>
