<annotation>
	<folder>new_images</folder>
	<filename>fall_1398.jpg</filename>
	<path>D:\FallDataset_A\new_images\fall_1398.jpg</path>
	<source>
		<database>Unknown</database>
	</source>
	<size>
		<width>295</width>
		<height>221</height>
		<depth>3</depth>
	</size>
	<segmented>0</segmented>
	<object>
		<name>fall</name>
		<pose>Unspecified</pose>
		<truncated>0</truncated>
		<difficult>0</difficult>
		<bndbox>
			<xmin>120</xmin>
			<ymin>90</ymin>
			<xmax>178</xmax>
			<ymax>115</ymax>
		</bndbox>
	</object>
</annotation>
