<annotation>
	<folder>new_images</folder>
	<filename>fall_1352.jpg</filename>
	<path>D:\FallDataset_A\new_images\fall_1352.jpg</path>
	<source>
		<database>Unknown</database>
	</source>
	<size>
		<width>234</width>
		<height>168</height>
		<depth>3</depth>
	</size>
	<segmented>0</segmented>
	<object>
		<name>fall</name>
		<pose>Unspecified</pose>
		<truncated>0</truncated>
		<difficult>0</difficult>
		<bndbox>
			<xmin>54</xmin>
			<ymin>39</ymin>
			<xmax>216</xmax>
			<ymax>156</ymax>
		</bndbox>
	</object>
</annotation>
