<annotation>
	<folder>new_images</folder>
	<filename>fall_1346.jpg</filename>
	<path>D:\FallDataset_A\new_images\fall_1346.jpg</path>
	<source>
		<database>Unknown</database>
	</source>
	<size>
		<width>357</width>
		<height>98</height>
		<depth>3</depth>
	</size>
	<segmented>0</segmented>
	<object>
		<name>fall</name>
		<pose>Unspecified</pose>
		<truncated>0</truncated>
		<difficult>0</difficult>
		<bndbox>
			<xmin>21</xmin>
			<ymin>17</ymin>
			<xmax>311</xmax>
			<ymax>94</ymax>
		</bndbox>
	</object>
</annotation>
