<annotation>
	<folder>new_images</folder>
	<filename>fall_1192.jpg</filename>
	<path>D:\FallDataset_A\new_images\fall_1192.jpg</path>
	<source>
		<database>Unknown</database>
	</source>
	<size>
		<width>300</width>
		<height>200</height>
		<depth>3</depth>
	</size>
	<segmented>0</segmented>
	<object>
		<name>fall</name>
		<pose>Unspecified</pose>
		<truncated>0</truncated>
		<difficult>0</difficult>
		<bndbox>
			<xmin>73</xmin>
			<ymin>13</ymin>
			<xmax>244</xmax>
			<ymax>148</ymax>
		</bndbox>
	</object>
</annotation>
