<annotation>
	<folder>new_images</folder>
	<filename>fall_1338.jpg</filename>
	<path>D:\FallDataset_A\new_images\fall_1338.jpg</path>
	<source>
		<database>Unknown</database>
	</source>
	<size>
		<width>311</width>
		<height>581</height>
		<depth>3</depth>
	</size>
	<segmented>0</segmented>
	<object>
		<name>fall</name>
		<pose>Unspecified</pose>
		<truncated>0</truncated>
		<difficult>0</difficult>
		<bndbox>
			<xmin>30</xmin>
			<ymin>22</ymin>
			<xmax>237</xmax>
			<ymax>556</ymax>
		</bndbox>
	</object>
</annotation>
