<annotation>
	<folder>new_images</folder>
	<filename>fall_145.jpg</filename>
	<path>D:\FallDataset_A\new_images\fall_145.jpg</path>
	<source>
		<database>Unknown</database>
	</source>
	<size>
		<width>341</width>
		<height>192</height>
		<depth>3</depth>
	</size>
	<segmented>0</segmented>
	<object>
		<name>fall</name>
		<pose>Unspecified</pose>
		<truncated>0</truncated>
		<difficult>0</difficult>
		<bndbox>
			<xmin>139</xmin>
			<ymin>69</ymin>
			<xmax>206</xmax>
			<ymax>181</ymax>
		</bndbox>
	</object>
</annotation>
