<annotation>
	<folder>new_images</folder>
	<filename>fall_1385.jpg</filename>
	<path>D:\FallDataset_A\new_images\fall_1385.jpg</path>
	<source>
		<database>Unknown</database>
	</source>
	<size>
		<width>313</width>
		<height>208</height>
		<depth>3</depth>
	</size>
	<segmented>0</segmented>
	<object>
		<name>fall</name>
		<pose>Unspecified</pose>
		<truncated>0</truncated>
		<difficult>0</difficult>
		<bndbox>
			<xmin>4</xmin>
			<ymin>78</ymin>
			<xmax>99</xmax>
			<ymax>150</ymax>
		</bndbox>
	</object>
	<object>
		<name>fall</name>
		<pose>Unspecified</pose>
		<truncated>0</truncated>
		<difficult>0</difficult>
		<bndbox>
			<xmin>105</xmin>
			<ymin>53</ymin>
			<xmax>278</xmax>
			<ymax>144</ymax>
		</bndbox>
	</object>
</annotation>
