<annotation>
	<folder>new_images</folder>
	<filename>fall_1381.jpg</filename>
	<path>D:\FallDataset_A\new_images\fall_1381.jpg</path>
	<source>
		<database>Unknown</database>
	</source>
	<size>
		<width>253</width>
		<height>190</height>
		<depth>3</depth>
	</size>
	<segmented>0</segmented>
	<object>
		<name>fall</name>
		<pose>Unspecified</pose>
		<truncated>0</truncated>
		<difficult>0</difficult>
		<bndbox>
			<xmin>82</xmin>
			<ymin>115</ymin>
			<xmax>115</xmax>
			<ymax>134</ymax>
		</bndbox>
	</object>
</annotation>
