<annotation>
	<folder>new_images</folder>
	<filename>fall_124.jpg</filename>
	<path>D:\FallDataset_A\new_images\fall_124.jpg</path>
	<source>
		<database>Unknown</database>
	</source>
	<size>
		<width>456</width>
		<height>519</height>
		<depth>3</depth>
	</size>
	<segmented>0</segmented>
	<object>
		<name>fall</name>
		<pose>Unspecified</pose>
		<truncated>0</truncated>
		<difficult>0</difficult>
		<bndbox>
			<xmin>10</xmin>
			<ymin>281</ymin>
			<xmax>123</xmax>
			<ymax>411</ymax>
		</bndbox>
	</object>
</annotation>
