<annotation>
	<folder>new_images</folder>
	<filename>fall_147.jpg</filename>
	<path>D:\FallDataset_A\new_images\fall_147.jpg</path>
	<source>
		<database>Unknown</database>
	</source>
	<size>
		<width>948</width>
		<height>723</height>
		<depth>3</depth>
	</size>
	<segmented>0</segmented>
	<object>
		<name>fall</name>
		<pose>Unspecified</pose>
		<truncated>0</truncated>
		<difficult>0</difficult>
		<bndbox>
			<xmin>468</xmin>
			<ymin>329</ymin>
			<xmax>801</xmax>
			<ymax>501</ymax>
		</bndbox>
	</object>
	<object>
		<name>fall</name>
		<pose>Unspecified</pose>
		<truncated>0</truncated>
		<difficult>0</difficult>
		<bndbox>
			<xmin>118</xmin>
			<ymin>551</ymin>
			<xmax>596</xmax>
			<ymax>683</ymax>
		</bndbox>
	</object>
</annotation>
