<annotation>
	<folder>new_images</folder>
	<filename>fall_138.jpg</filename>
	<path>D:\FallDataset_A\new_images\fall_138.jpg</path>
	<source>
		<database>Unknown</database>
	</source>
	<size>
		<width>950</width>
		<height>618</height>
		<depth>3</depth>
	</size>
	<segmented>0</segmented>
	<object>
		<name>fall</name>
		<pose>Unspecified</pose>
		<truncated>0</truncated>
		<difficult>0</difficult>
		<bndbox>
			<xmin>278</xmin>
			<ymin>178</ymin>
			<xmax>668</xmax>
			<ymax>320</ymax>
		</bndbox>
	</object>
</annotation>
