<annotation>
	<folder>new_images</folder>
	<filename>fall_131.jpg</filename>
	<path>D:\FallDataset_A\new_images\fall_131.jpg</path>
	<source>
		<database>Unknown</database>
	</source>
	<size>
		<width>950</width>
		<height>628</height>
		<depth>3</depth>
	</size>
	<segmented>0</segmented>
	<object>
		<name>fall</name>
		<pose>Unspecified</pose>
		<truncated>0</truncated>
		<difficult>0</difficult>
		<bndbox>
			<xmin>262</xmin>
			<ymin>344</ymin>
			<xmax>803</xmax>
			<ymax>490</ymax>
		</bndbox>
	</object>
</annotation>
