<annotation>
	<folder>new_images</folder>
	<filename>fall_1296.jpg</filename>
	<path>D:\FallDataset_A\new_images\fall_1296.jpg</path>
	<source>
		<database>Unknown</database>
	</source>
	<size>
		<width>800</width>
		<height>533</height>
		<depth>3</depth>
	</size>
	<segmented>0</segmented>
	<object>
		<name>fall</name>
		<pose>Unspecified</pose>
		<truncated>0</truncated>
		<difficult>0</difficult>
		<bndbox>
			<xmin>211</xmin>
			<ymin>129</ymin>
			<xmax>718</xmax>
			<ymax>287</ymax>
		</bndbox>
	</object>
</annotation>
