<annotation>
	<folder>new_images</folder>
	<filename>fall_1001.jpg</filename>
	<path>D:\FallDataset_A\new_images\fall_1001.jpg</path>
	<source>
		<database>Unknown</database>
	</source>
	<size>
		<width>150</width>
		<height>100</height>
		<depth>3</depth>
	</size>
	<segmented>0</segmented>
	<object>
		<name>fall</name>
		<pose>Unspecified</pose>
		<truncated>0</truncated>
		<difficult>0</difficult>
		<bndbox>
			<xmin>5</xmin>
			<ymin>27</ymin>
			<xmax>148</xmax>
			<ymax>75</ymax>
		</bndbox>
	</object>
</annotation>
