<annotation>
	<folder>new_images</folder>
	<filename>fall_1299.jpg</filename>
	<path>D:\FallDataset_A\new_images\fall_1299.jpg</path>
	<source>
		<database>Unknown</database>
	</source>
	<size>
		<width>401</width>
		<height>600</height>
		<depth>3</depth>
	</size>
	<segmented>0</segmented>
	<object>
		<name>fall</name>
		<pose>Unspecified</pose>
		<truncated>0</truncated>
		<difficult>0</difficult>
		<bndbox>
			<xmin>105</xmin>
			<ymin>358</ymin>
			<xmax>362</xmax>
			<ymax>522</ymax>
		</bndbox>
	</object>
</annotation>
