<annotation>
	<folder>new_images</folder>
	<filename>fall_1164.jpg</filename>
	<path>D:\FallDataset_A\new_images\fall_1164.jpg</path>
	<source>
		<database>Unknown</database>
	</source>
	<size>
		<width>500</width>
		<height>288</height>
		<depth>3</depth>
	</size>
	<segmented>0</segmented>
	<object>
		<name>fall</name>
		<pose>Unspecified</pose>
		<truncated>0</truncated>
		<difficult>0</difficult>
		<bndbox>
			<xmin>23</xmin>
			<ymin>4</ymin>
			<xmax>409</xmax>
			<ymax>158</ymax>
		</bndbox>
	</object>
</annotation>
