<annotation>
	<folder>new_images</folder>
	<filename>fall_1140.jpg</filename>
	<path>D:\FallDataset_A\new_images\fall_1140.jpg</path>
	<source>
		<database>Unknown</database>
	</source>
	<size>
		<width>381</width>
		<height>254</height>
		<depth>3</depth>
	</size>
	<segmented>0</segmented>
	<object>
		<name>fall</name>
		<pose>Unspecified</pose>
		<truncated>0</truncated>
		<difficult>0</difficult>
		<bndbox>
			<xmin>26</xmin>
			<ymin>92</ymin>
			<xmax>296</xmax>
			<ymax>240</ymax>
		</bndbox>
	</object>
</annotation>
