<annotation>
	<folder>new_images</folder>
	<filename>fall_1321.jpg</filename>
	<path>D:\FallDataset_A\new_images\fall_1321.jpg</path>
	<source>
		<database>Unknown</database>
	</source>
	<size>
		<width>550</width>
		<height>365</height>
		<depth>3</depth>
	</size>
	<segmented>0</segmented>
	<object>
		<name>fall</name>
		<pose>Unspecified</pose>
		<truncated>0</truncated>
		<difficult>0</difficult>
		<bndbox>
			<xmin>78</xmin>
			<ymin>227</ymin>
			<xmax>281</xmax>
			<ymax>361</ymax>
		</bndbox>
	</object>
</annotation>
