<annotation>
	<folder>new_images</folder>
	<filename>fall_11.jpg</filename>
	<path>D:\FallDataset_A\new_images\fall_11.jpg</path>
	<source>
		<database>Unknown</database>
	</source>
	<size>
		<width>194</width>
		<height>248</height>
		<depth>3</depth>
	</size>
	<segmented>0</segmented>
	<object>
		<name>fall</name>
		<pose>Unspecified</pose>
		<truncated>0</truncated>
		<difficult>0</difficult>
		<bndbox>
			<xmin>41</xmin>
			<ymin>152</ymin>
			<xmax>183</xmax>
			<ymax>226</ymax>
		</bndbox>
	</object>
</annotation>
