<annotation>
	<folder>new_images</folder>
	<filename>fall_1386.jpg</filename>
	<path>D:\FallDataset_A\new_images\fall_1386.jpg</path>
	<source>
		<database>Unknown</database>
	</source>
	<size>
		<width>270</width>
		<height>178</height>
		<depth>3</depth>
	</size>
	<segmented>0</segmented>
	<object>
		<name>fall</name>
		<pose>Unspecified</pose>
		<truncated>0</truncated>
		<difficult>0</difficult>
		<bndbox>
			<xmin>14</xmin>
			<ymin>96</ymin>
			<xmax>141</xmax>
			<ymax>149</ymax>
		</bndbox>
	</object>
	<object>
		<name>fall</name>
		<pose>Unspecified</pose>
		<truncated>0</truncated>
		<difficult>0</difficult>
		<bndbox>
			<xmin>149</xmin>
			<ymin>104</ymin>
			<xmax>231</xmax>
			<ymax>155</ymax>
		</bndbox>
	</object>
</annotation>
