<annotation>
	<folder>new_images</folder>
	<filename>fall_1283.jpg</filename>
	<path>D:\FallDataset_A\new_images\fall_1283.jpg</path>
	<source>
		<database>Unknown</database>
	</source>
	<size>
		<width>444</width>
		<height>215</height>
		<depth>3</depth>
	</size>
	<segmented>0</segmented>
	<object>
		<name>fall</name>
		<pose>Unspecified</pose>
		<truncated>0</truncated>
		<difficult>0</difficult>
		<bndbox>
			<xmin>31</xmin>
			<ymin>51</ymin>
			<xmax>348</xmax>
			<ymax>164</ymax>
		</bndbox>
	</object>
</annotation>
