<annotation>
	<folder>new_images</folder>
	<filename>fall_1005.jpg</filename>
	<path>D:\FallDataset_A\new_images\fall_1005.jpg</path>
	<source>
		<database>Unknown</database>
	</source>
	<size>
		<width>550</width>
		<height>262</height>
		<depth>3</depth>
	</size>
	<segmented>0</segmented>
	<object>
		<name>fall</name>
		<pose>Unspecified</pose>
		<truncated>0</truncated>
		<difficult>0</difficult>
		<bndbox>
			<xmin>6</xmin>
			<ymin>31</ymin>
			<xmax>540</xmax>
			<ymax>245</ymax>
		</bndbox>
	</object>
</annotation>
