<annotation>
	<folder>new_images</folder>
	<filename>fall_1227.jpg</filename>
	<path>D:\FallDataset_A\new_images\fall_1227.jpg</path>
	<source>
		<database>Unknown</database>
	</source>
	<size>
		<width>590</width>
		<height>230</height>
		<depth>3</depth>
	</size>
	<segmented>0</segmented>
	<object>
		<name>fall</name>
		<pose>Unspecified</pose>
		<truncated>0</truncated>
		<difficult>0</difficult>
		<bndbox>
			<xmin>55</xmin>
			<ymin>34</ymin>
			<xmax>527</xmax>
			<ymax>228</ymax>
		</bndbox>
	</object>
</annotation>
