<annotation>
	<folder>new_images</folder>
	<filename>fall_105.jpg</filename>
	<path>D:\FallDataset_A\new_images\fall_105.jpg</path>
	<source>
		<database>Unknown</database>
	</source>
	<size>
		<width>300</width>
		<height>400</height>
		<depth>3</depth>
	</size>
	<segmented>0</segmented>
	<object>
		<name>fall</name>
		<pose>Unspecified</pose>
		<truncated>0</truncated>
		<difficult>0</difficult>
		<bndbox>
			<xmin>112</xmin>
			<ymin>148</ymin>
			<xmax>208</xmax>
			<ymax>393</ymax>
		</bndbox>
	</object>
</annotation>
