<annotation>
	<folder>new_images</folder>
	<filename>fall_1432.jpg</filename>
	<path>D:\FallDataset_A\new_images\fall_1432.jpg</path>
	<source>
		<database>Unknown</database>
	</source>
	<size>
		<width>950</width>
		<height>628</height>
		<depth>3</depth>
	</size>
	<segmented>0</segmented>
	<object>
		<name>fall</name>
		<pose>Unspecified</pose>
		<truncated>0</truncated>
		<difficult>0</difficult>
		<bndbox>
			<xmin>474</xmin>
			<ymin>402</ymin>
			<xmax>828</xmax>
			<ymax>573</ymax>
		</bndbox>
	</object>
</annotation>
