<annotation>
	<folder>new_images</folder>
	<filename>fall_1034.jpg</filename>
	<path>D:\FallDataset_A\new_images\fall_1034.jpg</path>
	<source>
		<database>Unknown</database>
	</source>
	<size>
		<width>500</width>
		<height>336</height>
		<depth>3</depth>
	</size>
	<segmented>0</segmented>
	<object>
		<name>fall</name>
		<pose>Unspecified</pose>
		<truncated>0</truncated>
		<difficult>0</difficult>
		<bndbox>
			<xmin>46</xmin>
			<ymin>135</ymin>
			<xmax>247</xmax>
			<ymax>248</ymax>
		</bndbox>
	</object>
	<object>
		<name>fall</name>
		<pose>Unspecified</pose>
		<truncated>0</truncated>
		<difficult>0</difficult>
		<bndbox>
			<xmin>281</xmin>
			<ymin>150</ymin>
			<xmax>390</xmax>
			<ymax>271</ymax>
		</bndbox>
	</object>
</annotation>
