<annotation>
	<folder>new_images</folder>
	<filename>fall_1045.jpg</filename>
	<path>D:\FallDataset_A\new_images\fall_1045.jpg</path>
	<source>
		<database>Unknown</database>
	</source>
	<size>
		<width>500</width>
		<height>318</height>
		<depth>3</depth>
	</size>
	<segmented>0</segmented>
	<object>
		<name>fall</name>
		<pose>Unspecified</pose>
		<truncated>1</truncated>
		<difficult>0</difficult>
		<bndbox>
			<xmin>8</xmin>
			<ymin>43</ymin>
			<xmax>500</xmax>
			<ymax>315</ymax>
		</bndbox>
	</object>
</annotation>
