<annotation>
	<folder>new_images</folder>
	<filename>fall_1142.jpg</filename>
	<path>D:\FallDataset_A\new_images\fall_1142.jpg</path>
	<source>
		<database>Unknown</database>
	</source>
	<size>
		<width>400</width>
		<height>249</height>
		<depth>3</depth>
	</size>
	<segmented>0</segmented>
	<object>
		<name>fall</name>
		<pose>Unspecified</pose>
		<truncated>0</truncated>
		<difficult>0</difficult>
		<bndbox>
			<xmin>115</xmin>
			<ymin>119</ymin>
			<xmax>374</xmax>
			<ymax>218</ymax>
		</bndbox>
	</object>
</annotation>
