<annotation>
	<folder>new_images</folder>
	<filename>fall_1307.jpg</filename>
	<path>D:\FallDataset_A\new_images\fall_1307.jpg</path>
	<source>
		<database>Unknown</database>
	</source>
	<size>
		<width>600</width>
		<height>400</height>
		<depth>3</depth>
	</size>
	<segmented>0</segmented>
	<object>
		<name>fall</name>
		<pose>Unspecified</pose>
		<truncated>1</truncated>
		<difficult>0</difficult>
		<bndbox>
			<xmin>168</xmin>
			<ymin>260</ymin>
			<xmax>422</xmax>
			<ymax>400</ymax>
		</bndbox>
	</object>
</annotation>
