<annotation>
	<folder>new_images</folder>
	<filename>fall_1231.jpg</filename>
	<path>D:\FallDataset_A\new_images\fall_1231.jpg</path>
	<source>
		<database>Unknown</database>
	</source>
	<size>
		<width>211</width>
		<height>228</height>
		<depth>3</depth>
	</size>
	<segmented>0</segmented>
	<object>
		<name>fall</name>
		<pose>Unspecified</pose>
		<truncated>0</truncated>
		<difficult>0</difficult>
		<bndbox>
			<xmin>14</xmin>
			<ymin>63</ymin>
			<xmax>166</xmax>
			<ymax>212</ymax>
		</bndbox>
	</object>
</annotation>
