<annotation>
	<folder>new_images</folder>
	<filename>fall_1243.jpg</filename>
	<path>D:\FallDataset_A\new_images\fall_1243.jpg</path>
	<source>
		<database>Unknown</database>
	</source>
	<size>
		<width>631</width>
		<height>800</height>
		<depth>3</depth>
	</size>
	<segmented>0</segmented>
	<object>
		<name>fall</name>
		<pose>Unspecified</pose>
		<truncated>0</truncated>
		<difficult>0</difficult>
		<bndbox>
			<xmin>174</xmin>
			<ymin>145</ymin>
			<xmax>506</xmax>
			<ymax>683</ymax>
		</bndbox>
	</object>
</annotation>
