<annotation>
	<folder>new_images</folder>
	<filename>fall_140.jpg</filename>
	<path>D:\FallDataset_A\new_images\fall_140.jpg</path>
	<source>
		<database>Unknown</database>
	</source>
	<size>
		<width>285</width>
		<height>229</height>
		<depth>3</depth>
	</size>
	<segmented>0</segmented>
	<object>
		<name>fall</name>
		<pose>Unspecified</pose>
		<truncated>0</truncated>
		<difficult>0</difficult>
		<bndbox>
			<xmin>133</xmin>
			<ymin>79</ymin>
			<xmax>245</xmax>
			<ymax>195</ymax>
		</bndbox>
	</object>
</annotation>
