<annotation>
	<folder>new_images</folder>
	<filename>fall_1418.jpg</filename>
	<path>D:\FallDataset_A\new_images\fall_1418.jpg</path>
	<source>
		<database>Unknown</database>
	</source>
	<size>
		<width>948</width>
		<height>633</height>
		<depth>3</depth>
	</size>
	<segmented>0</segmented>
	<object>
		<name>fall</name>
		<pose>Unspecified</pose>
		<truncated>0</truncated>
		<difficult>0</difficult>
		<bndbox>
			<xmin>394</xmin>
			<ymin>473</ymin>
			<xmax>885</xmax>
			<ymax>537</ymax>
		</bndbox>
	</object>
</annotation>
