<annotation>
	<folder>new_images</folder>
	<filename>fall_1366.jpg</filename>
	<path>D:\FallDataset_A\new_images\fall_1366.jpg</path>
	<source>
		<database>Unknown</database>
	</source>
	<size>
		<width>259</width>
		<height>119</height>
		<depth>3</depth>
	</size>
	<segmented>0</segmented>
	<object>
		<name>fall</name>
		<pose>Unspecified</pose>
		<truncated>0</truncated>
		<difficult>0</difficult>
		<bndbox>
			<xmin>24</xmin>
			<ymin>2</ymin>
			<xmax>239</xmax>
			<ymax>102</ymax>
		</bndbox>
	</object>
</annotation>
