<annotation>
	<folder>new_images</folder>
	<filename>fall_1294.jpg</filename>
	<path>D:\FallDataset_A\new_images\fall_1294.jpg</path>
	<source>
		<database>Unknown</database>
	</source>
	<size>
		<width>570</width>
		<height>382</height>
		<depth>3</depth>
	</size>
	<segmented>0</segmented>
	<object>
		<name>fall</name>
		<pose>Unspecified</pose>
		<truncated>0</truncated>
		<difficult>0</difficult>
		<bndbox>
			<xmin>143</xmin>
			<ymin>190</ymin>
			<xmax>478</xmax>
			<ymax>329</ymax>
		</bndbox>
	</object>
</annotation>
