<annotation>
	<folder>new_images</folder>
	<filename>fall_1060.jpg</filename>
	<path>D:\FallDataset_A\new_images\fall_1060.jpg</path>
	<source>
		<database>Unknown</database>
	</source>
	<size>
		<width>221</width>
		<height>295</height>
		<depth>3</depth>
	</size>
	<segmented>0</segmented>
	<object>
		<name>fall</name>
		<pose>Unspecified</pose>
		<truncated>1</truncated>
		<difficult>0</difficult>
		<bndbox>
			<xmin>73</xmin>
			<ymin>140</ymin>
			<xmax>221</xmax>
			<ymax>198</ymax>
		</bndbox>
	</object>
</annotation>
