<annotation>
	<folder>new_images</folder>
	<filename>fall_1322.jpg</filename>
	<path>D:\FallDataset_A\new_images\fall_1322.jpg</path>
	<source>
		<database>Unknown</database>
	</source>
	<size>
		<width>1024</width>
		<height>683</height>
		<depth>3</depth>
	</size>
	<segmented>0</segmented>
	<object>
		<name>fall</name>
		<pose>Unspecified</pose>
		<truncated>0</truncated>
		<difficult>0</difficult>
		<bndbox>
			<xmin>226</xmin>
			<ymin>248</ymin>
			<xmax>925</xmax>
			<ymax>548</ymax>
		</bndbox>
	</object>
</annotation>
