<annotation>
	<folder>new_images</folder>
	<filename>fall_109.jpg</filename>
	<path>D:\FallDataset_A\new_images\fall_109.jpg</path>
	<source>
		<database>Unknown</database>
	</source>
	<size>
		<width>230</width>
		<height>284</height>
		<depth>3</depth>
	</size>
	<segmented>0</segmented>
	<object>
		<name>fall</name>
		<pose>Unspecified</pose>
		<truncated>0</truncated>
		<difficult>0</difficult>
		<bndbox>
			<xmin>44</xmin>
			<ymin>190</ymin>
			<xmax>152</xmax>
			<ymax>262</ymax>
		</bndbox>
	</object>
</annotation>
