<annotation>
	<folder>new_images</folder>
	<filename>fall_1272.jpg</filename>
	<path>D:\FallDataset_A\new_images\fall_1272.jpg</path>
	<source>
		<database>Unknown</database>
	</source>
	<size>
		<width>226</width>
		<height>182</height>
		<depth>3</depth>
	</size>
	<segmented>0</segmented>
	<object>
		<name>fall</name>
		<pose>Unspecified</pose>
		<truncated>0</truncated>
		<difficult>0</difficult>
		<bndbox>
			<xmin>23</xmin>
			<ymin>25</ymin>
			<xmax>207</xmax>
			<ymax>140</ymax>
		</bndbox>
	</object>
</annotation>
