<annotation>
	<folder>new_images</folder>
	<filename>fall_1310.jpg</filename>
	<path>D:\FallDataset_A\new_images\fall_1310.jpg</path>
	<source>
		<database>Unknown</database>
	</source>
	<size>
		<width>550</width>
		<height>407</height>
		<depth>3</depth>
	</size>
	<segmented>0</segmented>
	<object>
		<name>fall</name>
		<pose>Unspecified</pose>
		<truncated>0</truncated>
		<difficult>0</difficult>
		<bndbox>
			<xmin>184</xmin>
			<ymin>225</ymin>
			<xmax>381</xmax>
			<ymax>317</ymax>
		</bndbox>
	</object>
</annotation>
