<annotation>
	<folder>new_images</folder>
	<filename>fall_1267.jpg</filename>
	<path>D:\FallDataset_A\new_images\fall_1267.jpg</path>
	<source>
		<database>Unknown</database>
	</source>
	<size>
		<width>800</width>
		<height>504</height>
		<depth>3</depth>
	</size>
	<segmented>0</segmented>
	<object>
		<name>fall</name>
		<pose>Unspecified</pose>
		<truncated>0</truncated>
		<difficult>0</difficult>
		<bndbox>
			<xmin>97</xmin>
			<ymin>242</ymin>
			<xmax>766</xmax>
			<ymax>401</ymax>
		</bndbox>
	</object>
</annotation>
