<annotation>
	<folder>new_images</folder>
	<filename>fall_1141.jpg</filename>
	<path>D:\FallDataset_A\new_images\fall_1141.jpg</path>
	<source>
		<database>Unknown</database>
	</source>
	<size>
		<width>899</width>
		<height>577</height>
		<depth>3</depth>
	</size>
	<segmented>0</segmented>
	<object>
		<name>fall</name>
		<pose>Unspecified</pose>
		<truncated>0</truncated>
		<difficult>0</difficult>
		<bndbox>
			<xmin>101</xmin>
			<ymin>193</ymin>
			<xmax>507</xmax>
			<ymax>507</ymax>
		</bndbox>
	</object>
	<object>
		<name>fall</name>
		<pose>Unspecified</pose>
		<truncated>1</truncated>
		<difficult>0</difficult>
		<bndbox>
			<xmin>534</xmin>
			<ymin>157</ymin>
			<xmax>899</xmax>
			<ymax>378</ymax>
		</bndbox>
	</object>
</annotation>
