<annotation>
	<folder>new_images</folder>
	<filename>fall_1370.jpg</filename>
	<path>D:\FallDataset_A\new_images\fall_1370.jpg</path>
	<source>
		<database>Unknown</database>
	</source>
	<size>
		<width>427</width>
		<height>367</height>
		<depth>3</depth>
	</size>
	<segmented>0</segmented>
	<object>
		<name>fall</name>
		<pose>Unspecified</pose>
		<truncated>0</truncated>
		<difficult>0</difficult>
		<bndbox>
			<xmin>38</xmin>
			<ymin>35</ymin>
			<xmax>421</xmax>
			<ymax>344</ymax>
		</bndbox>
	</object>
</annotation>
