<annotation>
	<folder>new_images</folder>
	<filename>fall_1205.jpg</filename>
	<path>D:\FallDataset_A\new_images\fall_1205.jpg</path>
	<source>
		<database>Unknown</database>
	</source>
	<size>
		<width>300</width>
		<height>210</height>
		<depth>3</depth>
	</size>
	<segmented>0</segmented>
	<object>
		<name>fall</name>
		<pose>Unspecified</pose>
		<truncated>0</truncated>
		<difficult>0</difficult>
		<bndbox>
			<xmin>166</xmin>
			<ymin>36</ymin>
			<xmax>224</xmax>
			<ymax>117</ymax>
		</bndbox>
	</object>
</annotation>
