<annotation>
	<folder>new_images</folder>
	<filename>fall_1218.jpg</filename>
	<path>D:\FallDataset_A\new_images\fall_1218.jpg</path>
	<source>
		<database>Unknown</database>
	</source>
	<size>
		<width>354</width>
		<height>232</height>
		<depth>3</depth>
	</size>
	<segmented>0</segmented>
	<object>
		<name>fall</name>
		<pose>Unspecified</pose>
		<truncated>0</truncated>
		<difficult>0</difficult>
		<bndbox>
			<xmin>27</xmin>
			<ymin>37</ymin>
			<xmax>257</xmax>
			<ymax>155</ymax>
		</bndbox>
	</object>
</annotation>
