<annotation>
	<folder>new_images</folder>
	<filename>fall_1262.jpg</filename>
	<path>D:\FallDataset_A\new_images\fall_1262.jpg</path>
	<source>
		<database>Unknown</database>
	</source>
	<size>
		<width>800</width>
		<height>567</height>
		<depth>3</depth>
	</size>
	<segmented>0</segmented>
	<object>
		<name>fall</name>
		<pose>Unspecified</pose>
		<truncated>0</truncated>
		<difficult>0</difficult>
		<bndbox>
			<xmin>252</xmin>
			<ymin>202</ymin>
			<xmax>563</xmax>
			<ymax>483</ymax>
		</bndbox>
	</object>
</annotation>
