<annotation>
	<folder>new_images</folder>
	<filename>fall_1415.jpg</filename>
	<path>D:\FallDataset_A\new_images\fall_1415.jpg</path>
	<source>
		<database>Unknown</database>
	</source>
	<size>
		<width>899</width>
		<height>600</height>
		<depth>3</depth>
	</size>
	<segmented>0</segmented>
	<object>
		<name>fall</name>
		<pose>Unspecified</pose>
		<truncated>0</truncated>
		<difficult>0</difficult>
		<bndbox>
			<xmin>423</xmin>
			<ymin>333</ymin>
			<xmax>862</xmax>
			<ymax>538</ymax>
		</bndbox>
	</object>
</annotation>
