<annotation>
	<folder>new_images</folder>
	<filename>fall_1097.jpg</filename>
	<path>D:\FallDataset_A\new_images\fall_1097.jpg</path>
	<source>
		<database>Unknown</database>
	</source>
	<size>
		<width>302</width>
		<height>302</height>
		<depth>3</depth>
	</size>
	<segmented>0</segmented>
	<object>
		<name>fall</name>
		<pose>Unspecified</pose>
		<truncated>0</truncated>
		<difficult>0</difficult>
		<bndbox>
			<xmin>108</xmin>
			<ymin>157</ymin>
			<xmax>235</xmax>
			<ymax>301</ymax>
		</bndbox>
	</object>
</annotation>
