<annotation>
	<folder>new_images</folder>
	<filename>fall_117.jpg</filename>
	<path>D:\FallDataset_A\new_images\fall_117.jpg</path>
	<source>
		<database>Unknown</database>
	</source>
	<size>
		<width>308</width>
		<height>211</height>
		<depth>3</depth>
	</size>
	<segmented>0</segmented>
	<object>
		<name>fall</name>
		<pose>Unspecified</pose>
		<truncated>1</truncated>
		<difficult>0</difficult>
		<bndbox>
			<xmin>25</xmin>
			<ymin>117</ymin>
			<xmax>151</xmax>
			<ymax>211</ymax>
		</bndbox>
	</object>
</annotation>
