<annotation>
	<folder>new_images</folder>
	<filename>fall_1193.jpg</filename>
	<path>D:\FallDataset_A\new_images\fall_1193.jpg</path>
	<source>
		<database>Unknown</database>
	</source>
	<size>
		<width>440</width>
		<height>250</height>
		<depth>3</depth>
	</size>
	<segmented>0</segmented>
	<object>
		<name>fall</name>
		<pose>Unspecified</pose>
		<truncated>0</truncated>
		<difficult>0</difficult>
		<bndbox>
			<xmin>6</xmin>
			<ymin>65</ymin>
			<xmax>258</xmax>
			<ymax>239</ymax>
		</bndbox>
	</object>
</annotation>
