<annotation>
	<folder>new_images</folder>
	<filename>fall_1228.jpg</filename>
	<path>D:\FallDataset_A\new_images\fall_1228.jpg</path>
	<source>
		<database>Unknown</database>
	</source>
	<size>
		<width>1784</width>
		<height>1338</height>
		<depth>3</depth>
	</size>
	<segmented>0</segmented>
	<object>
		<name>fall</name>
		<pose>Unspecified</pose>
		<truncated>0</truncated>
		<difficult>0</difficult>
		<bndbox>
			<xmin>386</xmin>
			<ymin>546</ymin>
			<xmax>1442</xmax>
			<ymax>888</ymax>
		</bndbox>
	</object>
</annotation>
