<annotation>
	<folder>new_images</folder>
	<filename>fall_1308.jpg</filename>
	<path>D:\FallDataset_A\new_images\fall_1308.jpg</path>
	<source>
		<database>Unknown</database>
	</source>
	<size>
		<width>719</width>
		<height>939</height>
		<depth>3</depth>
	</size>
	<segmented>0</segmented>
	<object>
		<name>fall</name>
		<pose>Unspecified</pose>
		<truncated>0</truncated>
		<difficult>0</difficult>
		<bndbox>
			<xmin>141</xmin>
			<ymin>704</ymin>
			<xmax>494</xmax>
			<ymax>811</ymax>
		</bndbox>
	</object>
</annotation>
