<annotation>
	<folder>new_images</folder>
	<filename>fall_113.jpg</filename>
	<path>D:\FallDataset_A\new_images\fall_113.jpg</path>
	<source>
		<database>Unknown</database>
	</source>
	<size>
		<width>578</width>
		<height>300</height>
		<depth>3</depth>
	</size>
	<segmented>0</segmented>
	<object>
		<name>fall</name>
		<pose>Unspecified</pose>
		<truncated>0</truncated>
		<difficult>0</difficult>
		<bndbox>
			<xmin>20</xmin>
			<ymin>201</ymin>
			<xmax>148</xmax>
			<ymax>232</ymax>
		</bndbox>
	</object>
	<object>
		<name>fall</name>
		<pose>Unspecified</pose>
		<truncated>0</truncated>
		<difficult>0</difficult>
		<bndbox>
			<xmin>334</xmin>
			<ymin>177</ymin>
			<xmax>410</xmax>
			<ymax>262</ymax>
		</bndbox>
	</object>
</annotation>
