<annotation>
	<folder>new_images</folder>
	<filename>fall_1287.jpg</filename>
	<path>D:\FallDataset_A\new_images\fall_1287.jpg</path>
	<source>
		<database>Unknown</database>
	</source>
	<size>
		<width>730</width>
		<height>273</height>
		<depth>3</depth>
	</size>
	<segmented>0</segmented>
	<object>
		<name>fall</name>
		<pose>Unspecified</pose>
		<truncated>0</truncated>
		<difficult>0</difficult>
		<bndbox>
			<xmin>48</xmin>
			<ymin>26</ymin>
			<xmax>662</xmax>
			<ymax>251</ymax>
		</bndbox>
	</object>
</annotation>
