<annotation>
	<folder>new_images</folder>
	<filename>fall_1191.jpg</filename>
	<path>D:\FallDataset_A\new_images\fall_1191.jpg</path>
	<source>
		<database>Unknown</database>
	</source>
	<size>
		<width>550</width>
		<height>358</height>
		<depth>3</depth>
	</size>
	<segmented>0</segmented>
	<object>
		<name>fall</name>
		<pose>Unspecified</pose>
		<truncated>0</truncated>
		<difficult>0</difficult>
		<bndbox>
			<xmin>11</xmin>
			<ymin>82</ymin>
			<xmax>371</xmax>
			<ymax>271</ymax>
		</bndbox>
	</object>
</annotation>
