<annotation>
	<folder>new_images</folder>
	<filename>fall_1351.jpg</filename>
	<path>D:\FallDataset_A\new_images\fall_1351.jpg</path>
	<source>
		<database>Unknown</database>
	</source>
	<size>
		<width>413</width>
		<height>204</height>
		<depth>3</depth>
	</size>
	<segmented>0</segmented>
	<object>
		<name>fall</name>
		<pose>Unspecified</pose>
		<truncated>0</truncated>
		<difficult>0</difficult>
		<bndbox>
			<xmin>107</xmin>
			<ymin>30</ymin>
			<xmax>321</xmax>
			<ymax>169</ymax>
		</bndbox>
	</object>
</annotation>
