<annotation>
	<folder>new_images</folder>
	<filename>fall_1229.jpg</filename>
	<path>D:\FallDataset_A\new_images\fall_1229.jpg</path>
	<source>
		<database>Unknown</database>
	</source>
	<size>
		<width>530</width>
		<height>352</height>
		<depth>3</depth>
	</size>
	<segmented>0</segmented>
	<object>
		<name>fall</name>
		<pose>Unspecified</pose>
		<truncated>0</truncated>
		<difficult>0</difficult>
		<bndbox>
			<xmin>234</xmin>
			<ymin>230</ymin>
			<xmax>344</xmax>
			<ymax>275</ymax>
		</bndbox>
	</object>
</annotation>
