<annotation>
	<folder>new_images</folder>
	<filename>fall_149.jpg</filename>
	<path>D:\FallDataset_A\new_images\fall_149.jpg</path>
	<source>
		<database>Unknown</database>
	</source>
	<size>
		<width>269</width>
		<height>179</height>
		<depth>3</depth>
	</size>
	<segmented>0</segmented>
	<object>
		<name>fall</name>
		<pose>Unspecified</pose>
		<truncated>0</truncated>
		<difficult>0</difficult>
		<bndbox>
			<xmin>158</xmin>
			<ymin>26</ymin>
			<xmax>259</xmax>
			<ymax>90</ymax>
		</bndbox>
	</object>
	<object>
		<name>fall</name>
		<pose>Unspecified</pose>
		<truncated>0</truncated>
		<difficult>0</difficult>
		<bndbox>
			<xmin>105</xmin>
			<ymin>39</ymin>
			<xmax>163</xmax>
			<ymax>102</ymax>
		</bndbox>
	</object>
</annotation>
