<annotation>
	<folder>new_images</folder>
	<filename>fall_1302.jpg</filename>
	<path>D:\FallDataset_A\new_images\fall_1302.jpg</path>
	<source>
		<database>Unknown</database>
	</source>
	<size>
		<width>768</width>
		<height>555</height>
		<depth>3</depth>
	</size>
	<segmented>0</segmented>
	<object>
		<name>fall</name>
		<pose>Unspecified</pose>
		<truncated>0</truncated>
		<difficult>0</difficult>
		<bndbox>
			<xmin>417</xmin>
			<ymin>315</ymin>
			<xmax>597</xmax>
			<ymax>529</ymax>
		</bndbox>
	</object>
</annotation>
