<annotation>
	<folder>new_images</folder>
	<filename>fall_1362.jpg</filename>
	<path>D:\FallDataset_A\new_images\fall_1362.jpg</path>
	<source>
		<database>Unknown</database>
	</source>
	<size>
		<width>217</width>
		<height>70</height>
		<depth>3</depth>
	</size>
	<segmented>0</segmented>
	<object>
		<name>fall</name>
		<pose>Unspecified</pose>
		<truncated>0</truncated>
		<difficult>0</difficult>
		<bndbox>
			<xmin>72</xmin>
			<ymin>5</ymin>
			<xmax>196</xmax>
			<ymax>54</ymax>
		</bndbox>
	</object>
</annotation>
