<annotation>
	<folder>new_images</folder>
	<filename>fall_1278.jpg</filename>
	<path>D:\FallDataset_A\new_images\fall_1278.jpg</path>
	<source>
		<database>Unknown</database>
	</source>
	<size>
		<width>455</width>
		<height>308</height>
		<depth>3</depth>
	</size>
	<segmented>0</segmented>
	<object>
		<name>fall</name>
		<pose>Unspecified</pose>
		<truncated>0</truncated>
		<difficult>0</difficult>
		<bndbox>
			<xmin>91</xmin>
			<ymin>81</ymin>
			<xmax>395</xmax>
			<ymax>281</ymax>
		</bndbox>
	</object>
</annotation>
