<annotation>
	<folder>new_images</folder>
	<filename>fall_1110.jpg</filename>
	<path>D:\FallDataset_A\new_images\fall_1110.jpg</path>
	<source>
		<database>Unknown</database>
	</source>
	<size>
		<width>495</width>
		<height>479</height>
		<depth>3</depth>
	</size>
	<segmented>0</segmented>
	<object>
		<name>fall</name>
		<pose>Unspecified</pose>
		<truncated>0</truncated>
		<difficult>0</difficult>
		<bndbox>
			<xmin>112</xmin>
			<ymin>301</ymin>
			<xmax>443</xmax>
			<ymax>440</ymax>
		</bndbox>
	</object>
</annotation>
