<annotation>
	<folder>new_images</folder>
	<filename>fall_1400.jpg</filename>
	<path>D:\FallDataset_A\new_images\fall_1400.jpg</path>
	<source>
		<database>Unknown</database>
	</source>
	<size>
		<width>244</width>
		<height>394</height>
		<depth>3</depth>
	</size>
	<segmented>0</segmented>
	<object>
		<name>fall</name>
		<pose>Unspecified</pose>
		<truncated>0</truncated>
		<difficult>0</difficult>
		<bndbox>
			<xmin>46</xmin>
			<ymin>162</ymin>
			<xmax>125</xmax>
			<ymax>317</ymax>
		</bndbox>
	</object>
</annotation>
