<annotation>
	<folder>new_images</folder>
	<filename>fall_1200.jpg</filename>
	<path>D:\FallDataset_A\new_images\fall_1200.jpg</path>
	<source>
		<database>Unknown</database>
	</source>
	<size>
		<width>450</width>
		<height>300</height>
		<depth>3</depth>
	</size>
	<segmented>0</segmented>
	<object>
		<name>fall</name>
		<pose>Unspecified</pose>
		<truncated>1</truncated>
		<difficult>0</difficult>
		<bndbox>
			<xmin>164</xmin>
			<ymin>62</ymin>
			<xmax>270</xmax>
			<ymax>300</ymax>
		</bndbox>
	</object>
</annotation>
