<annotation>
	<folder>new_images</folder>
	<filename>fall_1316.jpg</filename>
	<path>D:\FallDataset_A\new_images\fall_1316.jpg</path>
	<source>
		<database>Unknown</database>
	</source>
	<size>
		<width>544</width>
		<height>646</height>
		<depth>3</depth>
	</size>
	<segmented>0</segmented>
	<object>
		<name>fall</name>
		<pose>Unspecified</pose>
		<truncated>0</truncated>
		<difficult>0</difficult>
		<bndbox>
			<xmin>209</xmin>
			<ymin>249</ymin>
			<xmax>325</xmax>
			<ymax>411</ymax>
		</bndbox>
	</object>
</annotation>
