<annotation>
	<folder>new_images</folder>
	<filename>fall_1391.jpg</filename>
	<path>D:\FallDataset_A\new_images\fall_1391.jpg</path>
	<source>
		<database>Unknown</database>
	</source>
	<size>
		<width>413</width>
		<height>226</height>
		<depth>3</depth>
	</size>
	<segmented>0</segmented>
	<object>
		<name>fall</name>
		<pose>Unspecified</pose>
		<truncated>0</truncated>
		<difficult>0</difficult>
		<bndbox>
			<xmin>127</xmin>
			<ymin>153</ymin>
			<xmax>279</xmax>
			<ymax>206</ymax>
		</bndbox>
	</object>
</annotation>
