<annotation>
	<folder>new_images</folder>
	<filename>fall_1377.jpg</filename>
	<path>D:\FallDataset_A\new_images\fall_1377.jpg</path>
	<source>
		<database>Unknown</database>
	</source>
	<size>
		<width>950</width>
		<height>713</height>
		<depth>3</depth>
	</size>
	<segmented>0</segmented>
	<object>
		<name>fall</name>
		<pose>Unspecified</pose>
		<truncated>0</truncated>
		<difficult>0</difficult>
		<bndbox>
			<xmin>323</xmin>
			<ymin>235</ymin>
			<xmax>609</xmax>
			<ymax>613</ymax>
		</bndbox>
	</object>
</annotation>
