<annotation>
	<folder>new_images</folder>
	<filename>fall_1284.jpg</filename>
	<path>D:\FallDataset_A\new_images\fall_1284.jpg</path>
	<source>
		<database>Unknown</database>
	</source>
	<size>
		<width>315</width>
		<height>123</height>
		<depth>3</depth>
	</size>
	<segmented>0</segmented>
	<object>
		<name>fall</name>
		<pose>Unspecified</pose>
		<truncated>0</truncated>
		<difficult>0</difficult>
		<bndbox>
			<xmin>95</xmin>
			<ymin>20</ymin>
			<xmax>252</xmax>
			<ymax>86</ymax>
		</bndbox>
	</object>
</annotation>
