<annotation>
	<folder>new_images</folder>
	<filename>fall_1159.jpg</filename>
	<path>D:\FallDataset_A\new_images\fall_1159.jpg</path>
	<source>
		<database>Unknown</database>
	</source>
	<size>
		<width>550</width>
		<height>362</height>
		<depth>3</depth>
	</size>
	<segmented>0</segmented>
	<object>
		<name>fall</name>
		<pose>Unspecified</pose>
		<truncated>0</truncated>
		<difficult>0</difficult>
		<bndbox>
			<xmin>20</xmin>
			<ymin>60</ymin>
			<xmax>435</xmax>
			<ymax>300</ymax>
		</bndbox>
	</object>
</annotation>
