<annotation>
	<folder>new_images</folder>
	<filename>fall_1356.jpg</filename>
	<path>D:\FallDataset_A\new_images\fall_1356.jpg</path>
	<source>
		<database>Unknown</database>
	</source>
	<size>
		<width>517</width>
		<height>154</height>
		<depth>3</depth>
	</size>
	<segmented>0</segmented>
	<object>
		<name>fall</name>
		<pose>Unspecified</pose>
		<truncated>0</truncated>
		<difficult>0</difficult>
		<bndbox>
			<xmin>18</xmin>
			<ymin>28</ymin>
			<xmax>387</xmax>
			<ymax>140</ymax>
		</bndbox>
	</object>
</annotation>
