<annotation>
	<folder>new_images</folder>
	<filename>fall_1043.jpg</filename>
	<path>D:\FallDataset_A\new_images\fall_1043.jpg</path>
	<source>
		<database>Unknown</database>
	</source>
	<size>
		<width>467</width>
		<height>312</height>
		<depth>3</depth>
	</size>
	<segmented>0</segmented>
	<object>
		<name>fall</name>
		<pose>Unspecified</pose>
		<truncated>0</truncated>
		<difficult>0</difficult>
		<bndbox>
			<xmin>84</xmin>
			<ymin>66</ymin>
			<xmax>324</xmax>
			<ymax>262</ymax>
		</bndbox>
	</object>
</annotation>
