<annotation>
	<folder>new_images</folder>
	<filename>fall_114.jpg</filename>
	<path>D:\FallDataset_A\new_images\fall_114.jpg</path>
	<source>
		<database>Unknown</database>
	</source>
	<size>
		<width>550</width>
		<height>825</height>
		<depth>3</depth>
	</size>
	<segmented>0</segmented>
	<object>
		<name>fall</name>
		<pose>Unspecified</pose>
		<truncated>0</truncated>
		<difficult>0</difficult>
		<bndbox>
			<xmin>172</xmin>
			<ymin>553</ymin>
			<xmax>541</xmax>
			<ymax>746</ymax>
		</bndbox>
	</object>
	<object>
		<name>fall</name>
		<pose>Unspecified</pose>
		<truncated>0</truncated>
		<difficult>0</difficult>
		<bndbox>
			<xmin>55</xmin>
			<ymin>359</ymin>
			<xmax>475</xmax>
			<ymax>517</ymax>
		</bndbox>
	</object>
	<object>
		<name>fall</name>
		<pose>Unspecified</pose>
		<truncated>0</truncated>
		<difficult>0</difficult>
		<bndbox>
			<xmin>74</xmin>
			<ymin>155</ymin>
			<xmax>484</xmax>
			<ymax>348</ymax>
		</bndbox>
	</object>
</annotation>
