<annotation>
	<folder>new_images</folder>
	<filename>fall_1329.jpg</filename>
	<path>D:\FallDataset_A\new_images\fall_1329.jpg</path>
	<source>
		<database>Unknown</database>
	</source>
	<size>
		<width>690</width>
		<height>518</height>
		<depth>3</depth>
	</size>
	<segmented>0</segmented>
	<object>
		<name>fall</name>
		<pose>Unspecified</pose>
		<truncated>0</truncated>
		<difficult>0</difficult>
		<bndbox>
			<xmin>160</xmin>
			<ymin>171</ymin>
			<xmax>511</xmax>
			<ymax>331</ymax>
		</bndbox>
	</object>
</annotation>
