<annotation>
	<folder>new_images</folder>
	<filename>fall_1407.jpg</filename>
	<path>D:\FallDataset_A\new_images\fall_1407.jpg</path>
	<source>
		<database>Unknown</database>
	</source>
	<size>
		<width>205</width>
		<height>319</height>
		<depth>3</depth>
	</size>
	<segmented>0</segmented>
	<object>
		<name>fall</name>
		<pose>Unspecified</pose>
		<truncated>0</truncated>
		<difficult>0</difficult>
		<bndbox>
			<xmin>19</xmin>
			<ymin>193</ymin>
			<xmax>132</xmax>
			<ymax>238</ymax>
		</bndbox>
	</object>
</annotation>
