<annotation>
	<folder>new_images</folder>
	<filename>fall_126.jpg</filename>
	<path>D:\FallDataset_A\new_images\fall_126.jpg</path>
	<source>
		<database>Unknown</database>
	</source>
	<size>
		<width>307</width>
		<height>213</height>
		<depth>3</depth>
	</size>
	<segmented>0</segmented>
	<object>
		<name>fall</name>
		<pose>Unspecified</pose>
		<truncated>0</truncated>
		<difficult>0</difficult>
		<bndbox>
			<xmin>65</xmin>
			<ymin>93</ymin>
			<xmax>182</xmax>
			<ymax>182</ymax>
		</bndbox>
	</object>
</annotation>
