<annotation>
	<folder>new_images</folder>
	<filename>fall_1041.jpg</filename>
	<path>D:\FallDataset_A\new_images\fall_1041.jpg</path>
	<source>
		<database>Unknown</database>
	</source>
	<size>
		<width>460</width>
		<height>345</height>
		<depth>3</depth>
	</size>
	<segmented>0</segmented>
	<object>
		<name>fall</name>
		<pose>Unspecified</pose>
		<truncated>0</truncated>
		<difficult>0</difficult>
		<bndbox>
			<xmin>48</xmin>
			<ymin>51</ymin>
			<xmax>360</xmax>
			<ymax>301</ymax>
		</bndbox>
	</object>
</annotation>
