<annotation>
	<folder>new_images</folder>
	<filename>fall_1134.jpg</filename>
	<path>D:\FallDataset_A\new_images\fall_1134.jpg</path>
	<source>
		<database>Unknown</database>
	</source>
	<size>
		<width>279</width>
		<height>172</height>
		<depth>3</depth>
	</size>
	<segmented>0</segmented>
	<object>
		<name>fall</name>
		<pose>Unspecified</pose>
		<truncated>0</truncated>
		<difficult>0</difficult>
		<bndbox>
			<xmin>16</xmin>
			<ymin>66</ymin>
			<xmax>249</xmax>
			<ymax>134</ymax>
		</bndbox>
	</object>
</annotation>
