<annotation>
	<folder>new_images</folder>
	<filename>fall_1373.jpg</filename>
	<path>D:\FallDataset_A\new_images\fall_1373.jpg</path>
	<source>
		<database>Unknown</database>
	</source>
	<size>
		<width>640</width>
		<height>586</height>
		<depth>3</depth>
	</size>
	<segmented>0</segmented>
	<object>
		<name>fall</name>
		<pose>Unspecified</pose>
		<truncated>0</truncated>
		<difficult>0</difficult>
		<bndbox>
			<xmin>123</xmin>
			<ymin>233</ymin>
			<xmax>387</xmax>
			<ymax>497</ymax>
		</bndbox>
	</object>
</annotation>
