<annotation>
	<folder>new_images</folder>
	<filename>fall_1196.jpg</filename>
	<path>D:\FallDataset_A\new_images\fall_1196.jpg</path>
	<source>
		<database>Unknown</database>
	</source>
	<size>
		<width>550</width>
		<height>367</height>
		<depth>3</depth>
	</size>
	<segmented>0</segmented>
	<object>
		<name>fall</name>
		<pose>Unspecified</pose>
		<truncated>0</truncated>
		<difficult>0</difficult>
		<bndbox>
			<xmin>67</xmin>
			<ymin>32</ymin>
			<xmax>465</xmax>
			<ymax>328</ymax>
		</bndbox>
	</object>
</annotation>
