<annotation>
	<folder>new_images</folder>
	<filename>fall_1048.jpg</filename>
	<path>D:\FallDataset_A\new_images\fall_1048.jpg</path>
	<source>
		<database>Unknown</database>
	</source>
	<size>
		<width>500</width>
		<height>333</height>
		<depth>3</depth>
	</size>
	<segmented>0</segmented>
	<object>
		<name>fall</name>
		<pose>Unspecified</pose>
		<truncated>0</truncated>
		<difficult>0</difficult>
		<bndbox>
			<xmin>104</xmin>
			<ymin>246</ymin>
			<xmax>343</xmax>
			<ymax>290</ymax>
		</bndbox>
	</object>
	<object>
		<name>fall</name>
		<pose>Unspecified</pose>
		<truncated>0</truncated>
		<difficult>0</difficult>
		<bndbox>
			<xmin>104</xmin>
			<ymin>213</ymin>
			<xmax>318</xmax>
			<ymax>243</ymax>
		</bndbox>
	</object>
</annotation>
