<annotation>
	<folder>new_images</folder>
	<filename>fall_1075.jpg</filename>
	<path>D:\FallDataset_A\new_images\fall_1075.jpg</path>
	<source>
		<database>Unknown</database>
	</source>
	<size>
		<width>500</width>
		<height>319</height>
		<depth>3</depth>
	</size>
	<segmented>0</segmented>
	<object>
		<name>fall</name>
		<pose>Unspecified</pose>
		<truncated>0</truncated>
		<difficult>0</difficult>
		<bndbox>
			<xmin>178</xmin>
			<ymin>21</ymin>
			<xmax>377</xmax>
			<ymax>283</ymax>
		</bndbox>
	</object>
</annotation>
