<annotation>
	<folder>new_images</folder>
	<filename>fall_1245.jpg</filename>
	<path>D:\FallDataset_A\new_images\fall_1245.jpg</path>
	<source>
		<database>Unknown</database>
	</source>
	<size>
		<width>800</width>
		<height>507</height>
		<depth>3</depth>
	</size>
	<segmented>0</segmented>
	<object>
		<name>fall</name>
		<pose>Unspecified</pose>
		<truncated>0</truncated>
		<difficult>0</difficult>
		<bndbox>
			<xmin>207</xmin>
			<ymin>137</ymin>
			<xmax>571</xmax>
			<ymax>316</ymax>
		</bndbox>
	</object>
</annotation>
