<annotation>
	<folder>new_images</folder>
	<filename>fall_1057.jpg</filename>
	<path>D:\FallDataset_A\new_images\fall_1057.jpg</path>
	<source>
		<database>Unknown</database>
	</source>
	<size>
		<width>519</width>
		<height>300</height>
		<depth>3</depth>
	</size>
	<segmented>0</segmented>
	<object>
		<name>fall</name>
		<pose>Unspecified</pose>
		<truncated>0</truncated>
		<difficult>0</difficult>
		<bndbox>
			<xmin>110</xmin>
			<ymin>55</ymin>
			<xmax>423</xmax>
			<ymax>272</ymax>
		</bndbox>
	</object>
</annotation>
