<annotation>
	<folder>new_images</folder>
	<filename>fall_134.jpg</filename>
	<path>D:\FallDataset_A\new_images\fall_134.jpg</path>
	<source>
		<database>Unknown</database>
	</source>
	<size>
		<width>277</width>
		<height>174</height>
		<depth>3</depth>
	</size>
	<segmented>0</segmented>
	<object>
		<name>fall</name>
		<pose>Unspecified</pose>
		<truncated>0</truncated>
		<difficult>0</difficult>
		<bndbox>
			<xmin>117</xmin>
			<ymin>94</ymin>
			<xmax>214</xmax>
			<ymax>138</ymax>
		</bndbox>
	</object>
</annotation>
