<annotation>
	<folder>new_images</folder>
	<filename>fall_1253.jpg</filename>
	<path>D:\FallDataset_A\new_images\fall_1253.jpg</path>
	<source>
		<database>Unknown</database>
	</source>
	<size>
		<width>800</width>
		<height>534</height>
		<depth>3</depth>
	</size>
	<segmented>0</segmented>
	<object>
		<name>fall</name>
		<pose>Unspecified</pose>
		<truncated>0</truncated>
		<difficult>0</difficult>
		<bndbox>
			<xmin>221</xmin>
			<ymin>135</ymin>
			<xmax>673</xmax>
			<ymax>472</ymax>
		</bndbox>
	</object>
</annotation>
