<annotation>
	<folder>new_images</folder>
	<filename>fall_1065.jpg</filename>
	<path>D:\FallDataset_A\new_images\fall_1065.jpg</path>
	<source>
		<database>Unknown</database>
	</source>
	<size>
		<width>500</width>
		<height>666</height>
		<depth>3</depth>
	</size>
	<segmented>0</segmented>
	<object>
		<name>fall</name>
		<pose>Unspecified</pose>
		<truncated>1</truncated>
		<difficult>0</difficult>
		<bndbox>
			<xmin>243</xmin>
			<ymin>271</ymin>
			<xmax>500</xmax>
			<ymax>455</ymax>
		</bndbox>
	</object>
</annotation>
