<annotation>
	<folder>new_images</folder>
	<filename>fall_1174.jpg</filename>
	<path>D:\FallDataset_A\new_images\fall_1174.jpg</path>
	<source>
		<database>Unknown</database>
	</source>
	<size>
		<width>208</width>
		<height>312</height>
		<depth>3</depth>
	</size>
	<segmented>0</segmented>
	<object>
		<name>fall</name>
		<pose>Unspecified</pose>
		<truncated>1</truncated>
		<difficult>0</difficult>
		<bndbox>
			<xmin>1</xmin>
			<ymin>160</ymin>
			<xmax>174</xmax>
			<ymax>274</ymax>
		</bndbox>
	</object>
</annotation>
