<annotation>
	<folder>new_images</folder>
	<filename>fall_1348.jpg</filename>
	<path>D:\FallDataset_A\new_images\fall_1348.jpg</path>
	<source>
		<database>Unknown</database>
	</source>
	<size>
		<width>299</width>
		<height>120</height>
		<depth>1</depth>
	</size>
	<segmented>0</segmented>
	<object>
		<name>fall</name>
		<pose>Unspecified</pose>
		<truncated>0</truncated>
		<difficult>0</difficult>
		<bndbox>
			<xmin>27</xmin>
			<ymin>16</ymin>
			<xmax>188</xmax>
			<ymax>108</ymax>
		</bndbox>
	</object>
</annotation>
