<annotation>
	<folder>new_images</folder>
	<filename>fall_1364.jpg</filename>
	<path>D:\FallDataset_A\new_images\fall_1364.jpg</path>
	<source>
		<database>Unknown</database>
	</source>
	<size>
		<width>437</width>
		<height>147</height>
		<depth>3</depth>
	</size>
	<segmented>0</segmented>
	<object>
		<name>fall</name>
		<pose>Unspecified</pose>
		<truncated>0</truncated>
		<difficult>0</difficult>
		<bndbox>
			<xmin>15</xmin>
			<ymin>45</ymin>
			<xmax>384</xmax>
			<ymax>112</ymax>
		</bndbox>
	</object>
</annotation>
