<annotation>
	<folder>new_images</folder>
	<filename>fall_1349.jpg</filename>
	<path>D:\FallDataset_A\new_images\fall_1349.jpg</path>
	<source>
		<database>Unknown</database>
	</source>
	<size>
		<width>295</width>
		<height>222</height>
		<depth>3</depth>
	</size>
	<segmented>0</segmented>
	<object>
		<name>fall</name>
		<pose>Unspecified</pose>
		<truncated>0</truncated>
		<difficult>0</difficult>
		<bndbox>
			<xmin>137</xmin>
			<ymin>176</ymin>
			<xmax>223</xmax>
			<ymax>206</ymax>
		</bndbox>
	</object>
</annotation>
