<annotation>
	<folder>new_images</folder>
	<filename>fall_1306.jpg</filename>
	<path>D:\FallDataset_A\new_images\fall_1306.jpg</path>
	<source>
		<database>Unknown</database>
	</source>
	<size>
		<width>1200</width>
		<height>627</height>
		<depth>3</depth>
	</size>
	<segmented>0</segmented>
	<object>
		<name>fall</name>
		<pose>Unspecified</pose>
		<truncated>0</truncated>
		<difficult>0</difficult>
		<bndbox>
			<xmin>166</xmin>
			<ymin>230</ymin>
			<xmax>900</xmax>
			<ymax>601</ymax>
		</bndbox>
	</object>
</annotation>
