<annotation>
	<folder>new_images</folder>
	<filename>fall_12.jpg</filename>
	<path>D:\FallDataset_A\new_images\fall_12.jpg</path>
	<source>
		<database>Unknown</database>
	</source>
	<size>
		<width>484</width>
		<height>324</height>
		<depth>3</depth>
	</size>
	<segmented>0</segmented>
	<object>
		<name>fall</name>
		<pose>Unspecified</pose>
		<truncated>0</truncated>
		<difficult>0</difficult>
		<bndbox>
			<xmin>207</xmin>
			<ymin>200</ymin>
			<xmax>292</xmax>
			<ymax>263</ymax>
		</bndbox>
	</object>
</annotation>
