<annotation>
	<folder>new_images</folder>
	<filename>fall_10.jpg</filename>
	<path>D:\FallDataset_A\new_images\fall_10.jpg</path>
	<source>
		<database>Unknown</database>
	</source>
	<size>
		<width>204</width>
		<height>115</height>
		<depth>3</depth>
	</size>
	<segmented>0</segmented>
	<object>
		<name>fall</name>
		<pose>Unspecified</pose>
		<truncated>0</truncated>
		<difficult>0</difficult>
		<bndbox>
			<xmin>2</xmin>
			<ymin>72</ymin>
			<xmax>131</xmax>
			<ymax>113</ymax>
		</bndbox>
	</object>
</annotation>
