<annotation>
	<folder>new_images</folder>
	<filename>fall_1105.jpg</filename>
	<path>D:\FallDataset_A\new_images\fall_1105.jpg</path>
	<source>
		<database>Unknown</database>
	</source>
	<size>
		<width>474</width>
		<height>632</height>
		<depth>3</depth>
	</size>
	<segmented>0</segmented>
	<object>
		<name>fall</name>
		<pose>Unspecified</pose>
		<truncated>0</truncated>
		<difficult>0</difficult>
		<bndbox>
			<xmin>247</xmin>
			<ymin>228</ymin>
			<xmax>322</xmax>
			<ymax>347</ymax>
		</bndbox>
	</object>
	<object>
		<name>fall</name>
		<pose>Unspecified</pose>
		<truncated>0</truncated>
		<difficult>0</difficult>
		<bndbox>
			<xmin>320</xmin>
			<ymin>253</ymin>
			<xmax>443</xmax>
			<ymax>382</ymax>
		</bndbox>
	</object>
</annotation>
