<annotation>
	<folder>new_images</folder>
	<filename>fall_1112.jpg</filename>
	<path>D:\FallDataset_A\new_images\fall_1112.jpg</path>
	<source>
		<database>Unknown</database>
	</source>
	<size>
		<width>500</width>
		<height>364</height>
		<depth>3</depth>
	</size>
	<segmented>0</segmented>
	<object>
		<name>fall</name>
		<pose>Unspecified</pose>
		<truncated>0</truncated>
		<difficult>0</difficult>
		<bndbox>
			<xmin>160</xmin>
			<ymin>107</ymin>
			<xmax>495</xmax>
			<ymax>196</ymax>
		</bndbox>
	</object>
</annotation>
