<annotation>
	<folder>new_images</folder>
	<filename>fall_1380.jpg</filename>
	<path>D:\FallDataset_A\new_images\fall_1380.jpg</path>
	<source>
		<database>Unknown</database>
	</source>
	<size>
		<width>553</width>
		<height>327</height>
		<depth>3</depth>
	</size>
	<segmented>0</segmented>
	<object>
		<name>fall</name>
		<pose>Unspecified</pose>
		<truncated>0</truncated>
		<difficult>0</difficult>
		<bndbox>
			<xmin>305</xmin>
			<ymin>169</ymin>
			<xmax>418</xmax>
			<ymax>301</ymax>
		</bndbox>
	</object>
</annotation>
