<annotation>
	<folder>new_images</folder>
	<filename>fall_1383.jpg</filename>
	<path>D:\FallDataset_A\new_images\fall_1383.jpg</path>
	<source>
		<database>Unknown</database>
	</source>
	<size>
		<width>480</width>
		<height>269</height>
		<depth>3</depth>
	</size>
	<segmented>0</segmented>
	<object>
		<name>fall</name>
		<pose>Unspecified</pose>
		<truncated>0</truncated>
		<difficult>0</difficult>
		<bndbox>
			<xmin>25</xmin>
			<ymin>162</ymin>
			<xmax>209</xmax>
			<ymax>256</ymax>
		</bndbox>
	</object>
	<object>
		<name>fall</name>
		<pose>Unspecified</pose>
		<truncated>0</truncated>
		<difficult>0</difficult>
		<bndbox>
			<xmin>315</xmin>
			<ymin>102</ymin>
			<xmax>470</xmax>
			<ymax>216</ymax>
		</bndbox>
	</object>
</annotation>
