<annotation>
	<folder>new_images</folder>
	<filename>fall_1371.jpg</filename>
	<path>D:\FallDataset_A\new_images\fall_1371.jpg</path>
	<source>
		<database>Unknown</database>
	</source>
	<size>
		<width>635</width>
		<height>374</height>
		<depth>3</depth>
	</size>
	<segmented>0</segmented>
	<object>
		<name>fall</name>
		<pose>Unspecified</pose>
		<truncated>0</truncated>
		<difficult>0</difficult>
		<bndbox>
			<xmin>128</xmin>
			<ymin>101</ymin>
			<xmax>621</xmax>
			<ymax>349</ymax>
		</bndbox>
	</object>
</annotation>
