<annotation>
	<folder>new_images</folder>
	<filename>fall_1347.jpg</filename>
	<path>D:\FallDataset_A\new_images\fall_1347.jpg</path>
	<source>
		<database>Unknown</database>
	</source>
	<size>
		<width>512</width>
		<height>170</height>
		<depth>3</depth>
	</size>
	<segmented>0</segmented>
	<object>
		<name>fall</name>
		<pose>Unspecified</pose>
		<truncated>0</truncated>
		<difficult>0</difficult>
		<bndbox>
			<xmin>18</xmin>
			<ymin>48</ymin>
			<xmax>484</xmax>
			<ymax>135</ymax>
		</bndbox>
	</object>
</annotation>
