<annotation>
	<folder>new_images</folder>
	<filename>fall_1233.jpg</filename>
	<path>D:\FallDataset_A\new_images\fall_1233.jpg</path>
	<source>
		<database>Unknown</database>
	</source>
	<size>
		<width>422</width>
		<height>259</height>
		<depth>3</depth>
	</size>
	<segmented>0</segmented>
	<object>
		<name>fall</name>
		<pose>Unspecified</pose>
		<truncated>0</truncated>
		<difficult>0</difficult>
		<bndbox>
			<xmin>64</xmin>
			<ymin>33</ymin>
			<xmax>388</xmax>
			<ymax>206</ymax>
		</bndbox>
	</object>
</annotation>
