<annotation>
	<folder>new_images</folder>
	<filename>fall_1344.jpg</filename>
	<path>D:\FallDataset_A\new_images\fall_1344.jpg</path>
	<source>
		<database>Unknown</database>
	</source>
	<size>
		<width>463</width>
		<height>179</height>
		<depth>3</depth>
	</size>
	<segmented>0</segmented>
	<object>
		<name>fall</name>
		<pose>Unspecified</pose>
		<truncated>0</truncated>
		<difficult>0</difficult>
		<bndbox>
			<xmin>29</xmin>
			<ymin>22</ymin>
			<xmax>433</xmax>
			<ymax>145</ymax>
		</bndbox>
	</object>
</annotation>
