<annotation>
	<folder>new_images</folder>
	<filename>fall_1413.jpg</filename>
	<path>D:\FallDataset_A\new_images\fall_1413.jpg</path>
	<source>
		<database>Unknown</database>
	</source>
	<size>
		<width>300</width>
		<height>224</height>
		<depth>1</depth>
	</size>
	<segmented>0</segmented>
	<object>
		<name>fall</name>
		<pose>Unspecified</pose>
		<truncated>0</truncated>
		<difficult>0</difficult>
		<bndbox>
			<xmin>46</xmin>
			<ymin>144</ymin>
			<xmax>140</xmax>
			<ymax>180</ymax>
		</bndbox>
	</object>
</annotation>
