<annotation>
	<folder>new_images</folder>
	<filename>fall_151.jpg</filename>
	<path>D:\FallDataset_A\new_images\fall_151.jpg</path>
	<source>
		<database>Unknown</database>
	</source>
	<size>
		<width>534</width>
		<height>300</height>
		<depth>3</depth>
	</size>
	<segmented>0</segmented>
	<object>
		<name>fall</name>
		<pose>Unspecified</pose>
		<truncated>0</truncated>
		<difficult>0</difficult>
		<bndbox>
			<xmin>229</xmin>
			<ymin>144</ymin>
			<xmax>305</xmax>
			<ymax>297</ymax>
		</bndbox>
	</object>
</annotation>
