<annotation>
	<folder>new_images</folder>
	<filename>fall_1130.jpg</filename>
	<path>D:\FallDataset_A\new_images\fall_1130.jpg</path>
	<source>
		<database>Unknown</database>
	</source>
	<size>
		<width>258</width>
		<height>187</height>
		<depth>3</depth>
	</size>
	<segmented>0</segmented>
	<object>
		<name>fall</name>
		<pose>Unspecified</pose>
		<truncated>0</truncated>
		<difficult>0</difficult>
		<bndbox>
			<xmin>171</xmin>
			<ymin>131</ymin>
			<xmax>228</xmax>
			<ymax>167</ymax>
		</bndbox>
	</object>
</annotation>
