<annotation>
	<folder>new_images</folder>
	<filename>fall_1435.jpg</filename>
	<path>D:\FallDataset_A\new_images\fall_1435.jpg</path>
	<source>
		<database>Unknown</database>
	</source>
	<size>
		<width>247</width>
		<height>264</height>
		<depth>3</depth>
	</size>
	<segmented>0</segmented>
	<object>
		<name>fall</name>
		<pose>Unspecified</pose>
		<truncated>0</truncated>
		<difficult>0</difficult>
		<bndbox>
			<xmin>12</xmin>
			<ymin>167</ymin>
			<xmax>174</xmax>
			<ymax>229</ymax>
		</bndbox>
	</object>
</annotation>
