<annotation>
	<folder>new_images</folder>
	<filename>fall_141.jpg</filename>
	<path>D:\FallDataset_A\new_images\fall_141.jpg</path>
	<source>
		<database>Unknown</database>
	</source>
	<size>
		<width>264</width>
		<height>183</height>
		<depth>3</depth>
	</size>
	<segmented>0</segmented>
	<object>
		<name>fall</name>
		<pose>Unspecified</pose>
		<truncated>1</truncated>
		<difficult>0</difficult>
		<bndbox>
			<xmin>75</xmin>
			<ymin>38</ymin>
			<xmax>190</xmax>
			<ymax>183</ymax>
		</bndbox>
	</object>
</annotation>
