<annotation>
	<folder>new_images</folder>
	<filename>fall_1361.jpg</filename>
	<path>D:\FallDataset_A\new_images\fall_1361.jpg</path>
	<source>
		<database>Unknown</database>
	</source>
	<size>
		<width>598</width>
		<height>265</height>
		<depth>3</depth>
	</size>
	<segmented>0</segmented>
	<object>
		<name>fall</name>
		<pose>Unspecified</pose>
		<truncated>0</truncated>
		<difficult>0</difficult>
		<bndbox>
			<xmin>25</xmin>
			<ymin>23</ymin>
			<xmax>500</xmax>
			<ymax>253</ymax>
		</bndbox>
	</object>
</annotation>
