<annotation>
	<folder>new_images</folder>
	<filename>fall_1236.jpg</filename>
	<path>D:\FallDataset_A\new_images\fall_1236.jpg</path>
	<source>
		<database>Unknown</database>
	</source>
	<size>
		<width>653</width>
		<height>297</height>
		<depth>3</depth>
	</size>
	<segmented>0</segmented>
	<object>
		<name>fall</name>
		<pose>Unspecified</pose>
		<truncated>0</truncated>
		<difficult>0</difficult>
		<bndbox>
			<xmin>53</xmin>
			<ymin>34</ymin>
			<xmax>570</xmax>
			<ymax>274</ymax>
		</bndbox>
	</object>
</annotation>
