<annotation>
	<folder>new_images</folder>
	<filename>fall_1216.jpg</filename>
	<path>D:\FallDataset_A\new_images\fall_1216.jpg</path>
	<source>
		<database>Unknown</database>
	</source>
	<size>
		<width>441</width>
		<height>458</height>
		<depth>3</depth>
	</size>
	<segmented>0</segmented>
	<object>
		<name>fall</name>
		<pose>Unspecified</pose>
		<truncated>0</truncated>
		<difficult>0</difficult>
		<bndbox>
			<xmin>101</xmin>
			<ymin>57</ymin>
			<xmax>342</xmax>
			<ymax>432</ymax>
		</bndbox>
	</object>
</annotation>
