<annotation>
	<folder>new_images</folder>
	<filename>fall_121.jpg</filename>
	<path>D:\FallDataset_A\new_images\fall_121.jpg</path>
	<source>
		<database>Unknown</database>
	</source>
	<size>
		<width>193</width>
		<height>336</height>
		<depth>3</depth>
	</size>
	<segmented>0</segmented>
	<object>
		<name>fall</name>
		<pose>Unspecified</pose>
		<truncated>0</truncated>
		<difficult>0</difficult>
		<bndbox>
			<xmin>36</xmin>
			<ymin>200</ymin>
			<xmax>98</xmax>
			<ymax>253</ymax>
		</bndbox>
	</object>
</annotation>
