<annotation>
	<folder>new_images</folder>
	<filename>fall_1428.jpg</filename>
	<path>D:\FallDataset_A\new_images\fall_1428.jpg</path>
	<source>
		<database>Unknown</database>
	</source>
	<size>
		<width>551</width>
		<height>765</height>
		<depth>3</depth>
	</size>
	<segmented>0</segmented>
	<object>
		<name>fall</name>
		<pose>Unspecified</pose>
		<truncated>0</truncated>
		<difficult>0</difficult>
		<bndbox>
			<xmin>27</xmin>
			<ymin>463</ymin>
			<xmax>330</xmax>
			<ymax>662</ymax>
		</bndbox>
	</object>
</annotation>
