<annotation>
	<folder>new_images</folder>
	<filename>fall_111.jpg</filename>
	<path>D:\FallDataset_A\new_images\fall_111.jpg</path>
	<source>
		<database>Unknown</database>
	</source>
	<size>
		<width>282</width>
		<height>170</height>
		<depth>3</depth>
	</size>
	<segmented>0</segmented>
	<object>
		<name>fall</name>
		<pose>Unspecified</pose>
		<truncated>0</truncated>
		<difficult>0</difficult>
		<bndbox>
			<xmin>70</xmin>
			<ymin>100</ymin>
			<xmax>215</xmax>
			<ymax>161</ymax>
		</bndbox>
	</object>
</annotation>
