<annotation>
	<folder>new_images</folder>
	<filename>fall_1249.jpg</filename>
	<path>D:\FallDataset_A\new_images\fall_1249.jpg</path>
	<source>
		<database>Unknown</database>
	</source>
	<size>
		<width>800</width>
		<height>532</height>
		<depth>3</depth>
	</size>
	<segmented>0</segmented>
	<object>
		<name>fall</name>
		<pose>Unspecified</pose>
		<truncated>0</truncated>
		<difficult>0</difficult>
		<bndbox>
			<xmin>136</xmin>
			<ymin>241</ymin>
			<xmax>596</xmax>
			<ymax>420</ymax>
		</bndbox>
	</object>
</annotation>
