<annotation>
	<folder>new_images</folder>
	<filename>fall_1011.jpg</filename>
	<path>D:\FallDataset_A\new_images\fall_1011.jpg</path>
	<source>
		<database>Unknown</database>
	</source>
	<size>
		<width>534</width>
		<height>800</height>
		<depth>3</depth>
	</size>
	<segmented>0</segmented>
	<object>
		<name>fall</name>
		<pose>Unspecified</pose>
		<truncated>0</truncated>
		<difficult>0</difficult>
		<bndbox>
			<xmin>164</xmin>
			<ymin>500</ymin>
			<xmax>430</xmax>
			<ymax>666</ymax>
		</bndbox>
	</object>
</annotation>
