<annotation>
	<folder>new_images</folder>
	<filename>fall_115.jpg</filename>
	<path>D:\FallDataset_A\new_images\fall_115.jpg</path>
	<source>
		<database>Unknown</database>
	</source>
	<size>
		<width>305</width>
		<height>214</height>
		<depth>3</depth>
	</size>
	<segmented>0</segmented>
	<object>
		<name>fall</name>
		<pose>Unspecified</pose>
		<truncated>0</truncated>
		<difficult>0</difficult>
		<bndbox>
			<xmin>64</xmin>
			<ymin>119</ymin>
			<xmax>202</xmax>
			<ymax>182</ymax>
		</bndbox>
	</object>
</annotation>
