<annotation>
	<folder>new_images</folder>
	<filename>fall_1031.jpg</filename>
	<path>D:\FallDataset_A\new_images\fall_1031.jpg</path>
	<source>
		<database>Unknown</database>
	</source>
	<size>
		<width>500</width>
		<height>346</height>
		<depth>3</depth>
	</size>
	<segmented>0</segmented>
	<object>
		<name>fall</name>
		<pose>Unspecified</pose>
		<truncated>0</truncated>
		<difficult>0</difficult>
		<bndbox>
			<xmin>72</xmin>
			<ymin>104</ymin>
			<xmax>363</xmax>
			<ymax>229</ymax>
		</bndbox>
	</object>
</annotation>
