<annotation>
	<folder>new_images</folder>
	<filename>fall_1292.jpg</filename>
	<path>D:\FallDataset_A\new_images\fall_1292.jpg</path>
	<source>
		<database>Unknown</database>
	</source>
	<size>
		<width>581</width>
		<height>336</height>
		<depth>3</depth>
	</size>
	<segmented>0</segmented>
	<object>
		<name>fall</name>
		<pose>Unspecified</pose>
		<truncated>1</truncated>
		<difficult>0</difficult>
		<bndbox>
			<xmin>43</xmin>
			<ymin>41</ymin>
			<xmax>409</xmax>
			<ymax>336</ymax>
		</bndbox>
	</object>
</annotation>
