<annotation>
	<folder>new_images</folder>
	<filename>fall_1026.jpg</filename>
	<path>D:\FallDataset_A\new_images\fall_1026.jpg</path>
	<source>
		<database>Unknown</database>
	</source>
	<size>
		<width>538</width>
		<height>300</height>
		<depth>3</depth>
	</size>
	<segmented>0</segmented>
	<object>
		<name>fall</name>
		<pose>Unspecified</pose>
		<truncated>1</truncated>
		<difficult>0</difficult>
		<bndbox>
			<xmin>24</xmin>
			<ymin>1</ymin>
			<xmax>523</xmax>
			<ymax>254</ymax>
		</bndbox>
	</object>
</annotation>
