<annotation>
	<folder>new_images</folder>
	<filename>fall_1404.jpg</filename>
	<path>D:\FallDataset_A\new_images\fall_1404.jpg</path>
	<source>
		<database>Unknown</database>
	</source>
	<size>
		<width>267</width>
		<height>181</height>
		<depth>3</depth>
	</size>
	<segmented>0</segmented>
	<object>
		<name>fall</name>
		<pose>Unspecified</pose>
		<truncated>0</truncated>
		<difficult>0</difficult>
		<bndbox>
			<xmin>40</xmin>
			<ymin>75</ymin>
			<xmax>229</xmax>
			<ymax>158</ymax>
		</bndbox>
	</object>
</annotation>
