<annotation>
	<folder>new_images</folder>
	<filename>fall_122.jpg</filename>
	<path>D:\FallDataset_A\new_images\fall_122.jpg</path>
	<source>
		<database>Unknown</database>
	</source>
	<size>
		<width>222</width>
		<height>294</height>
		<depth>3</depth>
	</size>
	<segmented>0</segmented>
	<object>
		<name>fall</name>
		<pose>Unspecified</pose>
		<truncated>0</truncated>
		<difficult>0</difficult>
		<bndbox>
			<xmin>59</xmin>
			<ymin>176</ymin>
			<xmax>109</xmax>
			<ymax>293</ymax>
		</bndbox>
	</object>
</annotation>
