<annotation>
	<folder>new_images</folder>
	<filename>fall_1091.jpg</filename>
	<path>D:\FallDataset_A\new_images\fall_1091.jpg</path>
	<source>
		<database>Unknown</database>
	</source>
	<size>
		<width>640</width>
		<height>480</height>
		<depth>3</depth>
	</size>
	<segmented>0</segmented>
	<object>
		<name>fall</name>
		<pose>Unspecified</pose>
		<truncated>0</truncated>
		<difficult>0</difficult>
		<bndbox>
			<xmin>305</xmin>
			<ymin>293</ymin>
			<xmax>504</xmax>
			<ymax>476</ymax>
		</bndbox>
	</object>
</annotation>
