<annotation>
	<folder>new_images</folder>
	<filename>fall_1282.jpg</filename>
	<path>D:\FallDataset_A\new_images\fall_1282.jpg</path>
	<source>
		<database>Unknown</database>
	</source>
	<size>
		<width>213</width>
		<height>151</height>
		<depth>3</depth>
	</size>
	<segmented>0</segmented>
	<object>
		<name>fall</name>
		<pose>Unspecified</pose>
		<truncated>0</truncated>
		<difficult>0</difficult>
		<bndbox>
			<xmin>27</xmin>
			<ymin>36</ymin>
			<xmax>169</xmax>
			<ymax>127</ymax>
		</bndbox>
	</object>
</annotation>
