<annotation>
	<folder>new_images</folder>
	<filename>fall_1068.jpg</filename>
	<path>D:\FallDataset_A\new_images\fall_1068.jpg</path>
	<source>
		<database>Unknown</database>
	</source>
	<size>
		<width>461</width>
		<height>690</height>
		<depth>3</depth>
	</size>
	<segmented>0</segmented>
	<object>
		<name>fall</name>
		<pose>Unspecified</pose>
		<truncated>0</truncated>
		<difficult>0</difficult>
		<bndbox>
			<xmin>43</xmin>
			<ymin>190</ymin>
			<xmax>405</xmax>
			<ymax>416</ymax>
		</bndbox>
	</object>
</annotation>
