<annotation>
	<folder>new_images</folder>
	<filename>fall_1073.jpg</filename>
	<path>D:\FallDataset_A\new_images\fall_1073.jpg</path>
	<source>
		<database>Unknown</database>
	</source>
	<size>
		<width>330</width>
		<height>220</height>
		<depth>3</depth>
	</size>
	<segmented>0</segmented>
	<object>
		<name>fall</name>
		<pose>Unspecified</pose>
		<truncated>0</truncated>
		<difficult>0</difficult>
		<bndbox>
			<xmin>31</xmin>
			<ymin>99</ymin>
			<xmax>211</xmax>
			<ymax>149</ymax>
		</bndbox>
	</object>
</annotation>
