<annotation>
	<folder>new_images</folder>
	<filename>fall_14.jpg</filename>
	<path>D:\FallDataset_A\new_images\fall_14.jpg</path>
	<source>
		<database>Unknown</database>
	</source>
	<size>
		<width>310</width>
		<height>211</height>
		<depth>3</depth>
	</size>
	<segmented>0</segmented>
	<object>
		<name>fall</name>
		<pose>Unspecified</pose>
		<truncated>0</truncated>
		<difficult>0</difficult>
		<bndbox>
			<xmin>39</xmin>
			<ymin>64</ymin>
			<xmax>166</xmax>
			<ymax>141</ymax>
		</bndbox>
	</object>
	<object>
		<name>fall</name>
		<pose>Unspecified</pose>
		<truncated>0</truncated>
		<difficult>0</difficult>
		<bndbox>
			<xmin>188</xmin>
			<ymin>25</ymin>
			<xmax>271</xmax>
			<ymax>166</ymax>
		</bndbox>
	</object>
</annotation>
