<annotation>
	<folder>new_images</folder>
	<filename>fall_1220.jpg</filename>
	<path>D:\FallDataset_A\new_images\fall_1220.jpg</path>
	<source>
		<database>Unknown</database>
	</source>
	<size>
		<width>640</width>
		<height>360</height>
		<depth>3</depth>
	</size>
	<segmented>0</segmented>
	<object>
		<name>fall</name>
		<pose>Unspecified</pose>
		<truncated>0</truncated>
		<difficult>0</difficult>
		<bndbox>
			<xmin>71</xmin>
			<ymin>275</ymin>
			<xmax>386</xmax>
			<ymax>315</ymax>
		</bndbox>
	</object>
</annotation>
