<annotation>
	<folder>new_images</folder>
	<filename>fall_1163.jpg</filename>
	<path>D:\FallDataset_A\new_images\fall_1163.jpg</path>
	<source>
		<database>Unknown</database>
	</source>
	<size>
		<width>480</width>
		<height>316</height>
		<depth>3</depth>
	</size>
	<segmented>0</segmented>
	<object>
		<name>fall</name>
		<pose>Unspecified</pose>
		<truncated>0</truncated>
		<difficult>0</difficult>
		<bndbox>
			<xmin>217</xmin>
			<ymin>167</ymin>
			<xmax>400</xmax>
			<ymax>254</ymax>
		</bndbox>
	</object>
</annotation>
