<annotation>
	<folder>new_images</folder>
	<filename>fall_1424.jpg</filename>
	<path>D:\FallDataset_A\new_images\fall_1424.jpg</path>
	<source>
		<database>Unknown</database>
	</source>
	<size>
		<width>400</width>
		<height>263</height>
		<depth>1</depth>
	</size>
	<segmented>0</segmented>
	<object>
		<name>fall</name>
		<pose>Unspecified</pose>
		<truncated>0</truncated>
		<difficult>0</difficult>
		<bndbox>
			<xmin>124</xmin>
			<ymin>137</ymin>
			<xmax>273</xmax>
			<ymax>256</ymax>
		</bndbox>
	</object>
</annotation>
