<annotation>
	<folder>new_images</folder>
	<filename>fall_1181.jpg</filename>
	<path>D:\FallDataset_A\new_images\fall_1181.jpg</path>
	<source>
		<database>Unknown</database>
	</source>
	<size>
		<width>594</width>
		<height>395</height>
		<depth>3</depth>
	</size>
	<segmented>0</segmented>
	<object>
		<name>fall</name>
		<pose>Unspecified</pose>
		<truncated>0</truncated>
		<difficult>0</difficult>
		<bndbox>
			<xmin>24</xmin>
			<ymin>106</ymin>
			<xmax>551</xmax>
			<ymax>310</ymax>
		</bndbox>
	</object>
</annotation>
