<annotation>
	<folder>new_images</folder>
	<filename>fall_148.jpg</filename>
	<path>D:\FallDataset_A\new_images\fall_148.jpg</path>
	<source>
		<database>Unknown</database>
	</source>
	<size>
		<width>283</width>
		<height>231</height>
		<depth>3</depth>
	</size>
	<segmented>0</segmented>
	<object>
		<name>fall</name>
		<pose>Unspecified</pose>
		<truncated>0</truncated>
		<difficult>0</difficult>
		<bndbox>
			<xmin>90</xmin>
			<ymin>142</ymin>
			<xmax>267</xmax>
			<ymax>201</ymax>
		</bndbox>
	</object>
</annotation>
