<annotation>
	<folder>new_images</folder>
	<filename>fall_1237.jpg</filename>
	<path>D:\FallDataset_A\new_images\fall_1237.jpg</path>
	<source>
		<database>Unknown</database>
	</source>
	<size>
		<width>217</width>
		<height>264</height>
		<depth>3</depth>
	</size>
	<segmented>0</segmented>
	<object>
		<name>fall</name>
		<pose>Unspecified</pose>
		<truncated>0</truncated>
		<difficult>0</difficult>
		<bndbox>
			<xmin>66</xmin>
			<ymin>67</ymin>
			<xmax>201</xmax>
			<ymax>235</ymax>
		</bndbox>
	</object>
</annotation>
