<annotation>
	<folder>new_images</folder>
	<filename>fall_101.jpg</filename>
	<path>D:\FallDataset_A\new_images\fall_101.jpg</path>
	<source>
		<database>Unknown</database>
	</source>
	<size>
		<width>324</width>
		<height>201</height>
		<depth>3</depth>
	</size>
	<segmented>0</segmented>
	<object>
		<name>fall</name>
		<pose>Unspecified</pose>
		<truncated>0</truncated>
		<difficult>0</difficult>
		<bndbox>
			<xmin>250</xmin>
			<ymin>90</ymin>
			<xmax>304</xmax>
			<ymax>160</ymax>
		</bndbox>
	</object>
</annotation>
