<annotation>
	<folder>new_images</folder>
	<filename>fall_1367.jpg</filename>
	<path>D:\FallDataset_A\new_images\fall_1367.jpg</path>
	<source>
		<database>Unknown</database>
	</source>
	<size>
		<width>322</width>
		<height>187</height>
		<depth>3</depth>
	</size>
	<segmented>0</segmented>
	<object>
		<name>fall</name>
		<pose>Unspecified</pose>
		<truncated>0</truncated>
		<difficult>0</difficult>
		<bndbox>
			<xmin>36</xmin>
			<ymin>17</ymin>
			<xmax>240</xmax>
			<ymax>153</ymax>
		</bndbox>
	</object>
</annotation>
