<annotation>
	<folder>new_images</folder>
	<filename>fall_1436.jpg</filename>
	<path>D:\FallDataset_A\new_images\fall_1436.jpg</path>
	<source>
		<database>Unknown</database>
	</source>
	<size>
		<width>297</width>
		<height>219</height>
		<depth>3</depth>
	</size>
	<segmented>0</segmented>
	<object>
		<name>fall</name>
		<pose>Unspecified</pose>
		<truncated>1</truncated>
		<difficult>0</difficult>
		<bndbox>
			<xmin>117</xmin>
			<ymin>129</ymin>
			<xmax>228</xmax>
			<ymax>219</ymax>
		</bndbox>
	</object>
</annotation>
