<annotation>
	<folder>new_images</folder>
	<filename>fall_1024.jpg</filename>
	<path>D:\FallDataset_A\new_images\fall_1024.jpg</path>
	<source>
		<database>Unknown</database>
	</source>
	<size>
		<width>500</width>
		<height>377</height>
		<depth>3</depth>
	</size>
	<segmented>0</segmented>
	<object>
		<name>fall</name>
		<pose>Unspecified</pose>
		<truncated>0</truncated>
		<difficult>0</difficult>
		<bndbox>
			<xmin>102</xmin>
			<ymin>64</ymin>
			<xmax>479</xmax>
			<ymax>210</ymax>
		</bndbox>
	</object>
</annotation>
