<annotation>
	<folder>new_images</folder>
	<filename>fall_1050.jpg</filename>
	<path>D:\FallDataset_A\new_images\fall_1050.jpg</path>
	<source>
		<database>Unknown</database>
	</source>
	<size>
		<width>309</width>
		<height>211</height>
		<depth>3</depth>
	</size>
	<segmented>0</segmented>
	<object>
		<name>fall</name>
		<pose>Unspecified</pose>
		<truncated>0</truncated>
		<difficult>0</difficult>
		<bndbox>
			<xmin>10</xmin>
			<ymin>104</ymin>
			<xmax>161</xmax>
			<ymax>185</ymax>
		</bndbox>
	</object>
</annotation>
