<annotation>
	<folder>new_images</folder>
	<filename>fall_1230.jpg</filename>
	<path>D:\FallDataset_A\new_images\fall_1230.jpg</path>
	<source>
		<database>Unknown</database>
	</source>
	<size>
		<width>242</width>
		<height>206</height>
		<depth>3</depth>
	</size>
	<segmented>0</segmented>
	<object>
		<name>fall</name>
		<pose>Unspecified</pose>
		<truncated>0</truncated>
		<difficult>0</difficult>
		<bndbox>
			<xmin>34</xmin>
			<ymin>18</ymin>
			<xmax>226</xmax>
			<ymax>162</ymax>
		</bndbox>
	</object>
</annotation>
