<annotation>
	<folder>new_images</folder>
	<filename>fall_1070.jpg</filename>
	<path>D:\FallDataset_A\new_images\fall_1070.jpg</path>
	<source>
		<database>Unknown</database>
	</source>
	<size>
		<width>343</width>
		<height>566</height>
		<depth>3</depth>
	</size>
	<segmented>0</segmented>
	<object>
		<name>fall</name>
		<pose>Unspecified</pose>
		<truncated>0</truncated>
		<difficult>0</difficult>
		<bndbox>
			<xmin>63</xmin>
			<ymin>402</ymin>
			<xmax>199</xmax>
			<ymax>518</ymax>
		</bndbox>
	</object>
</annotation>
