<annotation>
	<folder>new_images</folder>
	<filename>fall_1410.jpg</filename>
	<path>D:\FallDataset_A\new_images\fall_1410.jpg</path>
	<source>
		<database>Unknown</database>
	</source>
	<size>
		<width>948</width>
		<height>712</height>
		<depth>3</depth>
	</size>
	<segmented>0</segmented>
	<object>
		<name>fall</name>
		<pose>Unspecified</pose>
		<truncated>0</truncated>
		<difficult>0</difficult>
		<bndbox>
			<xmin>65</xmin>
			<ymin>477</ymin>
			<xmax>700</xmax>
			<ymax>631</ymax>
		</bndbox>
	</object>
</annotation>
