<annotation>
	<folder>new_images</folder>
	<filename>fall_1015.jpg</filename>
	<path>D:\FallDataset_A\new_images\fall_1015.jpg</path>
	<source>
		<database>Unknown</database>
	</source>
	<size>
		<width>499</width>
		<height>325</height>
		<depth>3</depth>
	</size>
	<segmented>0</segmented>
	<object>
		<name>fall</name>
		<pose>Unspecified</pose>
		<truncated>1</truncated>
		<difficult>0</difficult>
		<bndbox>
			<xmin>162</xmin>
			<ymin>217</ymin>
			<xmax>296</xmax>
			<ymax>325</ymax>
		</bndbox>
	</object>
</annotation>
