<annotation>
	<folder>new_images</folder>
	<filename>fall_152.jpg</filename>
	<path>D:\FallDataset_A\new_images\fall_152.jpg</path>
	<source>
		<database>Unknown</database>
	</source>
	<size>
		<width>261</width>
		<height>185</height>
		<depth>3</depth>
	</size>
	<segmented>0</segmented>
	<object>
		<name>fall</name>
		<pose>Unspecified</pose>
		<truncated>0</truncated>
		<difficult>0</difficult>
		<bndbox>
			<xmin>45</xmin>
			<ymin>131</ymin>
			<xmax>160</xmax>
			<ymax>154</ymax>
		</bndbox>
	</object>
</annotation>
