<annotation>
	<folder>new_images</folder>
	<filename>fall_1419.jpg</filename>
	<path>D:\FallDataset_A\new_images\fall_1419.jpg</path>
	<source>
		<database>Unknown</database>
	</source>
	<size>
		<width>980</width>
		<height>653</height>
		<depth>3</depth>
	</size>
	<segmented>0</segmented>
	<object>
		<name>fall</name>
		<pose>Unspecified</pose>
		<truncated>1</truncated>
		<difficult>0</difficult>
		<bndbox>
			<xmin>563</xmin>
			<ymin>313</ymin>
			<xmax>980</xmax>
			<ymax>584</ymax>
		</bndbox>
	</object>
</annotation>
