<annotation>
	<folder>new_images</folder>
	<filename>fall_1201.jpg</filename>
	<path>D:\FallDataset_A\new_images\fall_1201.jpg</path>
	<source>
		<database>Unknown</database>
	</source>
	<size>
		<width>410</width>
		<height>261</height>
		<depth>3</depth>
	</size>
	<segmented>0</segmented>
	<object>
		<name>fall</name>
		<pose>Unspecified</pose>
		<truncated>0</truncated>
		<difficult>0</difficult>
		<bndbox>
			<xmin>71</xmin>
			<ymin>155</ymin>
			<xmax>354</xmax>
			<ymax>220</ymax>
		</bndbox>
	</object>
</annotation>
