<annotation>
	<folder>new_images</folder>
	<filename>fall_106.jpg</filename>
	<path>D:\FallDataset_A\new_images\fall_106.jpg</path>
	<source>
		<database>Unknown</database>
	</source>
	<size>
		<width>735</width>
		<height>539</height>
		<depth>3</depth>
	</size>
	<segmented>0</segmented>
	<object>
		<name>fall</name>
		<pose>Unspecified</pose>
		<truncated>0</truncated>
		<difficult>0</difficult>
		<bndbox>
			<xmin>136</xmin>
			<ymin>300</ymin>
			<xmax>518</xmax>
			<ymax>488</ymax>
		</bndbox>
	</object>
</annotation>
