<annotation>
	<folder>new_images</folder>
	<filename>fall_1379.jpg</filename>
	<path>D:\FallDataset_A\new_images\fall_1379.jpg</path>
	<source>
		<database>Unknown</database>
	</source>
	<size>
		<width>375</width>
		<height>257</height>
		<depth>3</depth>
	</size>
	<segmented>0</segmented>
	<object>
		<name>fall</name>
		<pose>Unspecified</pose>
		<truncated>0</truncated>
		<difficult>0</difficult>
		<bndbox>
			<xmin>104</xmin>
			<ymin>119</ymin>
			<xmax>247</xmax>
			<ymax>199</ymax>
		</bndbox>
	</object>
</annotation>
