<annotation>
	<folder>new_images</folder>
	<filename>fall_1417.jpg</filename>
	<path>D:\FallDataset_A\new_images\fall_1417.jpg</path>
	<source>
		<database>Unknown</database>
	</source>
	<size>
		<width>313</width>
		<height>209</height>
		<depth>3</depth>
	</size>
	<segmented>0</segmented>
	<object>
		<name>fall</name>
		<pose>Unspecified</pose>
		<truncated>0</truncated>
		<difficult>0</difficult>
		<bndbox>
			<xmin>220</xmin>
			<ymin>76</ymin>
			<xmax>308</xmax>
			<ymax>162</ymax>
		</bndbox>
	</object>
</annotation>
