<annotation>
	<folder>new_images</folder>
	<filename>fall_1426.jpg</filename>
	<path>D:\FallDataset_A\new_images\fall_1426.jpg</path>
	<source>
		<database>Unknown</database>
	</source>
	<size>
		<width>440</width>
		<height>587</height>
		<depth>3</depth>
	</size>
	<segmented>0</segmented>
	<object>
		<name>fall</name>
		<pose>Unspecified</pose>
		<truncated>0</truncated>
		<difficult>0</difficult>
		<bndbox>
			<xmin>22</xmin>
			<ymin>133</ymin>
			<xmax>273</xmax>
			<ymax>231</ymax>
		</bndbox>
	</object>
	<object>
		<name>fall</name>
		<pose>Unspecified</pose>
		<truncated>0</truncated>
		<difficult>0</difficult>
		<bndbox>
			<xmin>194</xmin>
			<ymin>269</ymin>
			<xmax>388</xmax>
			<ymax>529</ymax>
		</bndbox>
	</object>
	<object>
		<name>fall</name>
		<pose>Unspecified</pose>
		<truncated>0</truncated>
		<difficult>0</difficult>
		<bndbox>
			<xmin>200</xmin>
			<ymin>57</ymin>
			<xmax>355</xmax>
			<ymax>89</ymax>
		</bndbox>
	</object>
</annotation>
