<annotation>
	<folder>new_images</folder>
	<filename>fall_132.jpg</filename>
	<path>D:\FallDataset_A\new_images\fall_132.jpg</path>
	<source>
		<database>Unknown</database>
	</source>
	<size>
		<width>227</width>
		<height>288</height>
		<depth>3</depth>
	</size>
	<segmented>0</segmented>
	<object>
		<name>fall</name>
		<pose>Unspecified</pose>
		<truncated>0</truncated>
		<difficult>0</difficult>
		<bndbox>
			<xmin>46</xmin>
			<ymin>141</ymin>
			<xmax>207</xmax>
			<ymax>266</ymax>
		</bndbox>
	</object>
</annotation>
