<annotation>
	<folder>new_images</folder>
	<filename>fall_1212.jpg</filename>
	<path>D:\FallDataset_A\new_images\fall_1212.jpg</path>
	<source>
		<database>Unknown</database>
	</source>
	<size>
		<width>291</width>
		<height>165</height>
		<depth>3</depth>
	</size>
	<segmented>0</segmented>
	<object>
		<name>fall</name>
		<pose>Unspecified</pose>
		<truncated>0</truncated>
		<difficult>0</difficult>
		<bndbox>
			<xmin>143</xmin>
			<ymin>118</ymin>
			<xmax>191</xmax>
			<ymax>152</ymax>
		</bndbox>
	</object>
</annotation>
