<annotation>
	<folder>new_images</folder>
	<filename>fall_127.jpg</filename>
	<path>D:\FallDataset_A\new_images\fall_127.jpg</path>
	<source>
		<database>Unknown</database>
	</source>
	<size>
		<width>276</width>
		<height>175</height>
		<depth>3</depth>
	</size>
	<segmented>0</segmented>
	<object>
		<name>fall</name>
		<pose>Unspecified</pose>
		<truncated>0</truncated>
		<difficult>0</difficult>
		<bndbox>
			<xmin>94</xmin>
			<ymin>105</ymin>
			<xmax>259</xmax>
			<ymax>165</ymax>
		</bndbox>
	</object>
</annotation>
