<annotation>
	<folder>new_images</folder>
	<filename>fall_1241.jpg</filename>
	<path>D:\FallDataset_A\new_images\fall_1241.jpg</path>
	<source>
		<database>Unknown</database>
	</source>
	<size>
		<width>800</width>
		<height>534</height>
		<depth>3</depth>
	</size>
	<segmented>0</segmented>
	<object>
		<name>fall</name>
		<pose>Unspecified</pose>
		<truncated>0</truncated>
		<difficult>0</difficult>
		<bndbox>
			<xmin>240</xmin>
			<ymin>308</ymin>
			<xmax>541</xmax>
			<ymax>445</ymax>
		</bndbox>
	</object>
</annotation>
