<annotation>
	<folder>new_images</folder>
	<filename>fall_1286.jpg</filename>
	<path>D:\FallDataset_A\new_images\fall_1286.jpg</path>
	<source>
		<database>Unknown</database>
	</source>
	<size>
		<width>364</width>
		<height>196</height>
		<depth>3</depth>
	</size>
	<segmented>0</segmented>
	<object>
		<name>fall</name>
		<pose>Unspecified</pose>
		<truncated>0</truncated>
		<difficult>0</difficult>
		<bndbox>
			<xmin>35</xmin>
			<ymin>28</ymin>
			<xmax>331</xmax>
			<ymax>181</ymax>
		</bndbox>
	</object>
</annotation>
