<annotation>
	<folder>new_images</folder>
	<filename>fall_1215.jpg</filename>
	<path>D:\FallDataset_A\new_images\fall_1215.jpg</path>
	<source>
		<database>Unknown</database>
	</source>
	<size>
		<width>328</width>
		<height>147</height>
		<depth>3</depth>
	</size>
	<segmented>0</segmented>
	<object>
		<name>fall</name>
		<pose>Unspecified</pose>
		<truncated>0</truncated>
		<difficult>0</difficult>
		<bndbox>
			<xmin>8</xmin>
			<ymin>4</ymin>
			<xmax>310</xmax>
			<ymax>139</ymax>
		</bndbox>
	</object>
</annotation>
