<annotation>
	<folder>new_images</folder>
	<filename>fall_1326.jpg</filename>
	<path>D:\FallDataset_A\new_images\fall_1326.jpg</path>
	<source>
		<database>Unknown</database>
	</source>
	<size>
		<width>550</width>
		<height>413</height>
		<depth>3</depth>
	</size>
	<segmented>0</segmented>
	<object>
		<name>fall</name>
		<pose>Unspecified</pose>
		<truncated>0</truncated>
		<difficult>0</difficult>
		<bndbox>
			<xmin>479</xmin>
			<ymin>201</ymin>
			<xmax>529</xmax>
			<ymax>290</ymax>
		</bndbox>
	</object>
	<object>
		<name>fall</name>
		<pose>Unspecified</pose>
		<truncated>0</truncated>
		<difficult>0</difficult>
		<bndbox>
			<xmin>331</xmin>
			<ymin>203</ymin>
			<xmax>376</xmax>
			<ymax>228</ymax>
		</bndbox>
	</object>
</annotation>
