<annotation>
	<folder>new_images</folder>
	<filename>fall_1219.jpg</filename>
	<path>D:\FallDataset_A\new_images\fall_1219.jpg</path>
	<source>
		<database>Unknown</database>
	</source>
	<size>
		<width>342</width>
		<height>190</height>
		<depth>3</depth>
	</size>
	<segmented>0</segmented>
	<object>
		<name>fall</name>
		<pose>Unspecified</pose>
		<truncated>0</truncated>
		<difficult>0</difficult>
		<bndbox>
			<xmin>77</xmin>
			<ymin>130</ymin>
			<xmax>178</xmax>
			<ymax>186</ymax>
		</bndbox>
	</object>
</annotation>
