<annotation>
	<folder>new_images</folder>
	<filename>fall_1007.jpg</filename>
	<path>D:\FallDataset_A\new_images\fall_1007.jpg</path>
	<source>
		<database>Unknown</database>
	</source>
	<size>
		<width>500</width>
		<height>666</height>
		<depth>3</depth>
	</size>
	<segmented>0</segmented>
	<object>
		<name>fall</name>
		<pose>Unspecified</pose>
		<truncated>0</truncated>
		<difficult>0</difficult>
		<bndbox>
			<xmin>276</xmin>
			<ymin>411</ymin>
			<xmax>493</xmax>
			<ymax>551</ymax>
		</bndbox>
	</object>
</annotation>
