<annotation>
	<folder>new_images</folder>
	<filename>fall_1309.jpg</filename>
	<path>D:\FallDataset_A\new_images\fall_1309.jpg</path>
	<source>
		<database>Unknown</database>
	</source>
	<size>
		<width>300</width>
		<height>225</height>
		<depth>3</depth>
	</size>
	<segmented>0</segmented>
	<object>
		<name>fall</name>
		<pose>Unspecified</pose>
		<truncated>0</truncated>
		<difficult>0</difficult>
		<bndbox>
			<xmin>121</xmin>
			<ymin>107</ymin>
			<xmax>191</xmax>
			<ymax>169</ymax>
		</bndbox>
	</object>
</annotation>
