<annotation>
	<folder>new_images</folder>
	<filename>fall_139.jpg</filename>
	<path>D:\FallDataset_A\new_images\fall_139.jpg</path>
	<source>
		<database>Unknown</database>
	</source>
	<size>
		<width>317</width>
		<height>205</height>
		<depth>3</depth>
	</size>
	<segmented>0</segmented>
	<object>
		<name>fall</name>
		<pose>Unspecified</pose>
		<truncated>0</truncated>
		<difficult>0</difficult>
		<bndbox>
			<xmin>94</xmin>
			<ymin>75</ymin>
			<xmax>213</xmax>
			<ymax>177</ymax>
		</bndbox>
	</object>
</annotation>
