<annotation>
	<folder>new_images</folder>
	<filename>fall_1340.jpg</filename>
	<path>D:\FallDataset_A\new_images\fall_1340.jpg</path>
	<source>
		<database>Unknown</database>
	</source>
	<size>
		<width>554</width>
		<height>419</height>
		<depth>3</depth>
	</size>
	<segmented>0</segmented>
	<object>
		<name>fall</name>
		<pose>Unspecified</pose>
		<truncated>0</truncated>
		<difficult>0</difficult>
		<bndbox>
			<xmin>222</xmin>
			<ymin>210</ymin>
			<xmax>324</xmax>
			<ymax>343</ymax>
		</bndbox>
	</object>
</annotation>
