<annotation>
	<folder>new_images</folder>
	<filename>fall_1132.jpg</filename>
	<path>D:\FallDataset_A\new_images\fall_1132.jpg</path>
	<source>
		<database>Unknown</database>
	</source>
	<size>
		<width>191</width>
		<height>251</height>
		<depth>3</depth>
	</size>
	<segmented>0</segmented>
	<object>
		<name>fall</name>
		<pose>Unspecified</pose>
		<truncated>0</truncated>
		<difficult>0</difficult>
		<bndbox>
			<xmin>60</xmin>
			<ymin>130</ymin>
			<xmax>179</xmax>
			<ymax>214</ymax>
		</bndbox>
	</object>
</annotation>
