<annotation>
	<folder>new_images</folder>
	<filename>fall_135.jpg</filename>
	<path>D:\FallDataset_A\new_images\fall_135.jpg</path>
	<source>
		<database>Unknown</database>
	</source>
	<size>
		<width>1080</width>
		<height>1867</height>
		<depth>3</depth>
	</size>
	<segmented>0</segmented>
	<object>
		<name>fall</name>
		<pose>Unspecified</pose>
		<truncated>0</truncated>
		<difficult>0</difficult>
		<bndbox>
			<xmin>553</xmin>
			<ymin>1068</ymin>
			<xmax>1017</xmax>
			<ymax>1226</ymax>
		</bndbox>
	</object>
</annotation>
