<annotation>
	<folder>new_images</folder>
	<filename>fall_1337.jpg</filename>
	<path>D:\FallDataset_A\new_images\fall_1337.jpg</path>
	<source>
		<database>Unknown</database>
	</source>
	<size>
		<width>391</width>
		<height>268</height>
		<depth>3</depth>
	</size>
	<segmented>0</segmented>
	<object>
		<name>fall</name>
		<pose>Unspecified</pose>
		<truncated>0</truncated>
		<difficult>0</difficult>
		<bndbox>
			<xmin>66</xmin>
			<ymin>75</ymin>
			<xmax>335</xmax>
			<ymax>206</ymax>
		</bndbox>
	</object>
</annotation>
