<annotation>
	<folder>new_images</folder>
	<filename>fall_1259.jpg</filename>
	<path>D:\FallDataset_A\new_images\fall_1259.jpg</path>
	<source>
		<database>Unknown</database>
	</source>
	<size>
		<width>800</width>
		<height>561</height>
		<depth>3</depth>
	</size>
	<segmented>0</segmented>
	<object>
		<name>fall</name>
		<pose>Unspecified</pose>
		<truncated>0</truncated>
		<difficult>0</difficult>
		<bndbox>
			<xmin>251</xmin>
			<ymin>13</ymin>
			<xmax>468</xmax>
			<ymax>424</ymax>
		</bndbox>
	</object>
</annotation>
