<annotation>
	<folder>new_images</folder>
	<filename>fall_1053.jpg</filename>
	<path>D:\FallDataset_A\new_images\fall_1053.jpg</path>
	<source>
		<database>Unknown</database>
	</source>
	<size>
		<width>499</width>
		<height>333</height>
		<depth>3</depth>
	</size>
	<segmented>0</segmented>
	<object>
		<name>fall</name>
		<pose>Unspecified</pose>
		<truncated>0</truncated>
		<difficult>0</difficult>
		<bndbox>
			<xmin>245</xmin>
			<ymin>26</ymin>
			<xmax>492</xmax>
			<ymax>252</ymax>
		</bndbox>
	</object>
</annotation>
