<annotation>
	<folder>new_images</folder>
	<filename>fall_1442.jpg</filename>
	<path>D:\FallDataset_A\new_images\fall_1442.jpg</path>
	<source>
		<database>Unknown</database>
	</source>
	<size>
		<width>2000</width>
		<height>987</height>
		<depth>3</depth>
	</size>
	<segmented>0</segmented>
	<object>
		<name>fall</name>
		<pose>Unspecified</pose>
		<truncated>0</truncated>
		<difficult>0</difficult>
		<bndbox>
			<xmin>270</xmin>
			<ymin>503</ymin>
			<xmax>564</xmax>
			<ymax>779</ymax>
		</bndbox>
	</object>
	<object>
		<name>fall</name>
		<pose>Unspecified</pose>
		<truncated>0</truncated>
		<difficult>0</difficult>
		<bndbox>
			<xmin>577</xmin>
			<ymin>509</ymin>
			<xmax>919</xmax>
			<ymax>798</ymax>
		</bndbox>
	</object>
</annotation>
