<annotation>
	<folder>new_images</folder>
	<filename>fall_1357.jpg</filename>
	<path>D:\FallDataset_A\new_images\fall_1357.jpg</path>
	<source>
		<database>Unknown</database>
	</source>
	<size>
		<width>188</width>
		<height>110</height>
		<depth>3</depth>
	</size>
	<segmented>0</segmented>
	<object>
		<name>fall</name>
		<pose>Unspecified</pose>
		<truncated>0</truncated>
		<difficult>0</difficult>
		<bndbox>
			<xmin>54</xmin>
			<ymin>24</ymin>
			<xmax>172</xmax>
			<ymax>88</ymax>
		</bndbox>
	</object>
</annotation>
