<annotation>
	<folder>new_images</folder>
	<filename>fall_1094.jpg</filename>
	<path>D:\FallDataset_A\new_images\fall_1094.jpg</path>
	<source>
		<database>Unknown</database>
	</source>
	<size>
		<width>499</width>
		<height>359</height>
		<depth>3</depth>
	</size>
	<segmented>0</segmented>
	<object>
		<name>fall</name>
		<pose>Unspecified</pose>
		<truncated>0</truncated>
		<difficult>0</difficult>
		<bndbox>
			<xmin>48</xmin>
			<ymin>18</ymin>
			<xmax>453</xmax>
			<ymax>334</ymax>
		</bndbox>
	</object>
</annotation>
