<annotation>
	<folder>new_images</folder>
	<filename>fall_128.jpg</filename>
	<path>D:\FallDataset_A\new_images\fall_128.jpg</path>
	<source>
		<database>Unknown</database>
	</source>
	<size>
		<width>296</width>
		<height>221</height>
		<depth>3</depth>
	</size>
	<segmented>0</segmented>
	<object>
		<name>fall</name>
		<pose>Unspecified</pose>
		<truncated>0</truncated>
		<difficult>0</difficult>
		<bndbox>
			<xmin>82</xmin>
			<ymin>123</ymin>
			<xmax>205</xmax>
			<ymax>190</ymax>
		</bndbox>
	</object>
</annotation>
