<annotation>
	<folder>new_images</folder>
	<filename>fall_1365.jpg</filename>
	<path>D:\FallDataset_A\new_images\fall_1365.jpg</path>
	<source>
		<database>Unknown</database>
	</source>
	<size>
		<width>199</width>
		<height>152</height>
		<depth>3</depth>
	</size>
	<segmented>0</segmented>
	<object>
		<name>fall</name>
		<pose>Unspecified</pose>
		<truncated>0</truncated>
		<difficult>0</difficult>
		<bndbox>
			<xmin>43</xmin>
			<ymin>23</ymin>
			<xmax>189</xmax>
			<ymax>138</ymax>
		</bndbox>
	</object>
</annotation>
