<annotation>
	<folder>new_images</folder>
	<filename>fall_1022.jpg</filename>
	<path>D:\FallDataset_A\new_images\fall_1022.jpg</path>
	<source>
		<database>Unknown</database>
	</source>
	<size>
		<width>564</width>
		<height>353</height>
		<depth>3</depth>
	</size>
	<segmented>0</segmented>
	<object>
		<name>fall</name>
		<pose>Unspecified</pose>
		<truncated>1</truncated>
		<difficult>0</difficult>
		<bndbox>
			<xmin>1</xmin>
			<ymin>262</ymin>
			<xmax>80</xmax>
			<ymax>343</ymax>
		</bndbox>
	</object>
	<object>
		<name>fall</name>
		<pose>Unspecified</pose>
		<truncated>0</truncated>
		<difficult>0</difficult>
		<bndbox>
			<xmin>83</xmin>
			<ymin>263</ymin>
			<xmax>228</xmax>
			<ymax>344</ymax>
		</bndbox>
	</object>
</annotation>
