<annotation>
	<folder>new_images</folder>
	<filename>fall_1004.jpg</filename>
	<path>D:\FallDataset_A\new_images\fall_1004.jpg</path>
	<source>
		<database>Unknown</database>
	</source>
	<size>
		<width>432</width>
		<height>321</height>
		<depth>3</depth>
	</size>
	<segmented>0</segmented>
	<object>
		<name>fall</name>
		<pose>Unspecified</pose>
		<truncated>0</truncated>
		<difficult>0</difficult>
		<bndbox>
			<xmin>167</xmin>
			<ymin>86</ymin>
			<xmax>408</xmax>
			<ymax>212</ymax>
		</bndbox>
	</object>
</annotation>
