<annotation>
	<folder>new_images</folder>
	<filename>fall_1304.jpg</filename>
	<path>D:\FallDataset_A\new_images\fall_1304.jpg</path>
	<source>
		<database>Unknown</database>
	</source>
	<size>
		<width>547</width>
		<height>409</height>
		<depth>3</depth>
	</size>
	<segmented>0</segmented>
	<object>
		<name>fall</name>
		<pose>Unspecified</pose>
		<truncated>0</truncated>
		<difficult>0</difficult>
		<bndbox>
			<xmin>219</xmin>
			<ymin>197</ymin>
			<xmax>296</xmax>
			<ymax>244</ymax>
		</bndbox>
	</object>
</annotation>
