<annotation>
	<folder>new_images</folder>
	<filename>fall_1374.jpg</filename>
	<path>D:\FallDataset_A\new_images\fall_1374.jpg</path>
	<source>
		<database>Unknown</database>
	</source>
	<size>
		<width>1440</width>
		<height>1080</height>
		<depth>3</depth>
	</size>
	<segmented>0</segmented>
	<object>
		<name>fall</name>
		<pose>Unspecified</pose>
		<truncated>0</truncated>
		<difficult>0</difficult>
		<bndbox>
			<xmin>635</xmin>
			<ymin>651</ymin>
			<xmax>932</xmax>
			<ymax>1014</ymax>
		</bndbox>
	</object>
</annotation>
