<annotation>
	<folder>new_images</folder>
	<filename>fall_1285.jpg</filename>
	<path>D:\FallDataset_A\new_images\fall_1285.jpg</path>
	<source>
		<database>Unknown</database>
	</source>
	<size>
		<width>278</width>
		<height>136</height>
		<depth>3</depth>
	</size>
	<segmented>0</segmented>
	<object>
		<name>fall</name>
		<pose>Unspecified</pose>
		<truncated>0</truncated>
		<difficult>0</difficult>
		<bndbox>
			<xmin>28</xmin>
			<ymin>30</ymin>
			<xmax>239</xmax>
			<ymax>96</ymax>
		</bndbox>
	</object>
</annotation>
