<annotation>
	<folder>new_images</folder>
	<filename>fall_1403.jpg</filename>
	<path>D:\FallDataset_A\new_images\fall_1403.jpg</path>
	<source>
		<database>Unknown</database>
	</source>
	<size>
		<width>595</width>
		<height>671</height>
		<depth>3</depth>
	</size>
	<segmented>0</segmented>
	<object>
		<name>fall</name>
		<pose>Unspecified</pose>
		<truncated>0</truncated>
		<difficult>0</difficult>
		<bndbox>
			<xmin>190</xmin>
			<ymin>274</ymin>
			<xmax>332</xmax>
			<ymax>363</ymax>
		</bndbox>
	</object>
</annotation>
