<annotation>
	<folder>new_images</folder>
	<filename>fall_1437.jpg</filename>
	<path>D:\FallDataset_A\new_images\fall_1437.jpg</path>
	<source>
		<database>Unknown</database>
	</source>
	<size>
		<width>550</width>
		<height>413</height>
		<depth>3</depth>
	</size>
	<segmented>0</segmented>
	<object>
		<name>fall</name>
		<pose>Unspecified</pose>
		<truncated>0</truncated>
		<difficult>0</difficult>
		<bndbox>
			<xmin>256</xmin>
			<ymin>138</ymin>
			<xmax>381</xmax>
			<ymax>232</ymax>
		</bndbox>
	</object>
</annotation>
