<annotation>
	<folder>new_images</folder>
	<filename>fall_1240.jpg</filename>
	<path>D:\FallDataset_A\new_images\fall_1240.jpg</path>
	<source>
		<database>Unknown</database>
	</source>
	<size>
		<width>320</width>
		<height>203</height>
		<depth>3</depth>
	</size>
	<segmented>0</segmented>
	<object>
		<name>fall</name>
		<pose>Unspecified</pose>
		<truncated>0</truncated>
		<difficult>0</difficult>
		<bndbox>
			<xmin>61</xmin>
			<ymin>106</ymin>
			<xmax>231</xmax>
			<ymax>197</ymax>
		</bndbox>
	</object>
</annotation>
