<annotation>
	<folder>new_images</folder>
	<filename>fall_1334.jpg</filename>
	<path>D:\FallDataset_A\new_images\fall_1334.jpg</path>
	<source>
		<database>Unknown</database>
	</source>
	<size>
		<width>300</width>
		<height>384</height>
		<depth>3</depth>
	</size>
	<segmented>0</segmented>
	<object>
		<name>fall</name>
		<pose>Unspecified</pose>
		<truncated>0</truncated>
		<difficult>0</difficult>
		<bndbox>
			<xmin>108</xmin>
			<ymin>129</ymin>
			<xmax>203</xmax>
			<ymax>363</ymax>
		</bndbox>
	</object>
</annotation>
