<annotation>
	<folder>new_images</folder>
	<filename>fall_1225.jpg</filename>
	<path>D:\FallDataset_A\new_images\fall_1225.jpg</path>
	<source>
		<database>Unknown</database>
	</source>
	<size>
		<width>231</width>
		<height>163</height>
		<depth>3</depth>
	</size>
	<segmented>0</segmented>
	<object>
		<name>fall</name>
		<pose>Unspecified</pose>
		<truncated>0</truncated>
		<difficult>0</difficult>
		<bndbox>
			<xmin>17</xmin>
			<ymin>22</ymin>
			<xmax>204</xmax>
			<ymax>143</ymax>
		</bndbox>
	</object>
</annotation>
