<annotation>
	<folder>new_images</folder>
	<filename>fall_1313.jpg</filename>
	<path>D:\FallDataset_A\new_images\fall_1313.jpg</path>
	<source>
		<database>Unknown</database>
	</source>
	<size>
		<width>950</width>
		<height>537</height>
		<depth>3</depth>
	</size>
	<segmented>0</segmented>
	<object>
		<name>fall</name>
		<pose>Unspecified</pose>
		<truncated>0</truncated>
		<difficult>0</difficult>
		<bndbox>
			<xmin>384</xmin>
			<ymin>355</ymin>
			<xmax>945</xmax>
			<ymax>533</ymax>
		</bndbox>
	</object>
</annotation>
