<annotation>
	<folder>new_images</folder>
	<filename>fall_1336.jpg</filename>
	<path>D:\FallDataset_A\new_images\fall_1336.jpg</path>
	<source>
		<database>Unknown</database>
	</source>
	<size>
		<width>303</width>
		<height>150</height>
		<depth>3</depth>
	</size>
	<segmented>0</segmented>
	<object>
		<name>fall</name>
		<pose>Unspecified</pose>
		<truncated>0</truncated>
		<difficult>0</difficult>
		<bndbox>
			<xmin>81</xmin>
			<ymin>29</ymin>
			<xmax>246</xmax>
			<ymax>133</ymax>
		</bndbox>
	</object>
</annotation>
