<annotation>
	<folder>new_images</folder>
	<filename>fall_1044.jpg</filename>
	<path>D:\FallDataset_A\new_images\fall_1044.jpg</path>
	<source>
		<database>Unknown</database>
	</source>
	<size>
		<width>480</width>
		<height>330</height>
		<depth>3</depth>
	</size>
	<segmented>0</segmented>
	<object>
		<name>fall</name>
		<pose>Unspecified</pose>
		<truncated>0</truncated>
		<difficult>0</difficult>
		<bndbox>
			<xmin>141</xmin>
			<ymin>111</ymin>
			<xmax>436</xmax>
			<ymax>301</ymax>
		</bndbox>
	</object>
</annotation>
